{
	"parent":"block/cube_all",
	"textures":{
		"down":"iyc:block/cherry_cake_bottom",
		"up":"iyc:block/cherry_cake_top",
		"north":"iyc:block/cherry_cake_side",
		"south":"iyc:block/cherry_cake_side",
		"west":"iyc:block/cherry_cake_side",
		"east":"iyc:block/cherry_cake_side"
	},
	"elements":[
		{
			"from":[
				0,
				0,
				0
			],
			"to":[
				16,
				16,
				16
			],
			"faces":{
				"down":{"texture":"#down","cullface":"down"},
				"up":{"texture":"#up","cullface":"up"},
				"north":{"texture":"#north","cullface":"north"},
				"south":{"texture":"#south","cullface":"south"},
				"west":{"texture":"#west","cullface":"west"},
				"east":{"texture":"#east","cullface":"east"}
			}
		}
	],
	"display":{
		"head":{
			"rotation":[
				0,
				0,
				0
			],
			"translation":[
				0,
				-30.42,
				0
			],
			"scale":[
				1.605,
				1.605,
				1.605
			]
		},
		"fixed":{
			"rotation":[
				-90,
				0,
				0
			],
			"translation":[
				0,
				0,
				-16
			],
			"scale":[
				2.0075,
				2.0075,
				2.0075
			]
		}
	}
}

