{
  "type": "minecraft:crafting_shapeless",
  "category": "blocks",
  "group": "wood_lantern",
  "ingredients": [
    "minecraft:glowstone",
    "minecraft:birch_wood"
  ],
  "result": {
    "id": "minecraft:furnace",
    "count": 1,
    "components": {
      "minecraft:item_model": "iyc:birch_wood_lantern",
      "minecraft:item_name": "{'text': 'Birch Wood Lantern', 'italic': false, 'color': 'white'}",
      "minecraft:lore": [
        "{'text': 'ImagineYourCraft', 'italic': true, 'color': 'blue'}"
      ],
      "minecraft:custom_data": {
        "iyc": {
          "birch_wood_lantern": true
        },
        "smithed": {
          "ignore": {
            "functionality": true,
            "crafting": true
          }
        }
      },
      "minecraft:container": [
        {
          "slot": 0,
          "item": {
            "id": "minecraft:stone",
            "count": 1,
            "components": {
              "minecraft:custom_data": {
                "smithed": {
                  "block": {
                    "id": "iyc:birch_wood_lantern",
                    "from": "iyc"
                  }
                }
              }
            }
          }
        }
      ]
    }
  }
}
