{
  "type": "minecraft:crafting_shaped",
  "category": "equipment",
  "pattern": [
    "XX",
    "XS",
    " S"
  ],
  "key": {
    "X": "minecraft:emerald",
    "S": "minecraft:stick"
  },
  "result": {
    "id": "minecraft:diamond_axe",
    "count": 1,
    "components": {
      "minecraft:custom_data": {
        "smithed": {
          "dict": {
            "tools": {
              "emerald": true,
              "axe": true
            }
          },
          "ignore": {
            "functionality": true,
            "crafting": true
          }
        },
        "iyc": {
          "emerald_axe": true
        }
      },
      "minecraft:max_damage": 736,
      "minecraft:attribute_modifiers": [
        {
          "type": "attack_damage",
          "amount": 8,
          "operation": "add_value",
          "slot": "mainhand",
          "id": "minecraft:base_attack_damage"
        },
        {
          "type": "attack_speed",
          "amount": -3.0,
          "operation": "add_value",
          "slot": "mainhand",
          "id": "minecraft:base_attack_speed"
        },
        {
          "type": "luck",
          "amount": 0.25,
          "operation": "add_value",
          "slot": "mainhand",
          "id": "iyc:luck.mainhand"
        }
      ],
      "minecraft:item_model": "iyc:emerald_axe",
      "minecraft:item_name": {
        "text": "Emerald Axe",
        "italic": false,
        "color": "white"
      },
      "minecraft:lore": [
        [
          "",
          {
            "text": "I",
            "color": "white",
            "italic": false,
            "font": "iyc:icons"
          },
          {
            "text": " ImagineYourCraft",
            "italic": true,
            "color": "blue"
          }
        ]
      ]
    }
  }
}
