{
  "type": "minecraft:crafting_shapeless",
  "category": "food",
  "ingredients": [
    "minecraft:cocoa_beans",
    "minecraft:bowl",
    "minecraft:milk_bucket"
  ],
  "result": {
    "id": "minecraft:command_block",
    "count": 1,
    "components": {
      "minecraft:food": {
        "can_always_eat": true,
        "nutrition": 3,
        "saturation": 0.8
      },
      "minecraft:consumable": {
        "on_consume_effects": [
          {
            "type": "minecraft:apply_effects",
            "effects": [
              {
                "id": "minecraft:speed",
                "duration": 600,
                "amplifier": 0
              }
            ]
          }
        ]
      },
      "minecraft:item_model": "iyc:hot_chocolate",
      "minecraft:item_name": {
        "text": "Hot Chocolate",
        "italic": false,
        "color": "white"
      },
      "minecraft:lore": [
        [
          "",
          {
            "text": "I",
            "color": "white",
            "italic": false,
            "font": "iyc:icons"
          },
          {
            "text": " ImagineYourCraft",
            "italic": true,
            "color": "blue"
          }
        ]
      ],
      "minecraft:custom_data": {
        "iyc": {
          "hot_chocolate": true
        },
        "smithed": {
          "ignore": {
            "functionality": true,
            "crafting": true
          }
        }
      }
    }
  }
}
