{
  "type": "minecraft:crafting_shapeless",
  "category": "blocks",
  "ingredients": [
    "minecraft:glowstone",
    "minecraft:iron_block"
  ],
  "result": {
    "id": "minecraft:furnace",
    "count": 1,
    "components": {
      "minecraft:item_model": "iyc:iron_lantern",
      "minecraft:item_name": {
        "text": "Iron Lantern",
        "italic": false,
        "color": "white"
      },
      "minecraft:lore": [
        [
          "",
          {
            "text": "I",
            "color": "white",
            "italic": false,
            "font": "iyc:icons"
          },
          {
            "text": " ImagineYourCraft",
            "italic": true,
            "color": "blue"
          }
        ]
      ],
      "minecraft:custom_data": {
        "iyc": {
          "iron_lantern": true
        },
        "smithed": {
          "ignore": {
            "functionality": true,
            "crafting": true
          }
        }
      },
      "minecraft:container": [
        {
          "slot": 0,
          "item": {
            "id": "minecraft:stone",
            "count": 1,
            "components": {
              "minecraft:custom_data": {
                "smithed": {
                  "block": {
                    "id": "iyc:iron_lantern",
                    "from": "iyc"
                  }
                }
              }
            }
          }
        }
      ],
      "minecraft:tooltip_display": {
        "hidden_components": [
          "minecraft:container"
        ]
      }
    }
  }
}
