{
  "type": "minecraft:crafting_shaped",
  "category": "misc",
  "pattern": [
    "X",
    "X"
  ],
  "key": {
    "X": "minecraft:stone"
  },
  "result": {
    "id": "minecraft:command_block",
    "count": 4,
    "components": {
      "minecraft:custom_data": {
        "smithed": {
          "dict": {
            "stick": {
              "stone": true
            }
          },
          "ignore": {
            "functionality": true,
            "crafting": true
          }
        },
        "iyc": {
          "stone_stick": true
        }
      },
      "minecraft:item_model": "iyc:stone_stick",
      "minecraft:item_name": "{'text': 'Stone Stick', 'italic': false, 'color': 'white'}",
      "minecraft:lore": [
        "{'text': 'ImagineYourCraft', 'italic': true, 'color': 'blue'}"
      ]
    }
  }
}
