{
  "pools": [
    {
      "rolls": 1,
      "entries": [
        {
          "type": "minecraft:item",
          "name": "minecraft:command_block",
          "functions": [
            {
              "function": "minecraft:set_components",
              "components": {
                "minecraft:item_model": "iyc:coin",
                "minecraft:item_name": "{'text': 'Coin', 'italic': false, 'color': 'white'}",
                "minecraft:lore": [
                  "{'text': 'ImagineYourCraft', 'italic': true, 'color': 'blue'}"
                ],
                "minecraft:custom_data": {
                  "iyc": {
                    "coin": true
                  },
                  "smithed": {
                    "ignore": {
                      "functionality": true,
                      "crafting": true
                    }
                  }
                }
              }
            }
          ]
        }
      ]
    }
  ]
}
