{
  "pools": [
    {
      "rolls": 1,
      "entries": [
        {
          "type": "minecraft:item",
          "name": "minecraft:diamond_hoe",
          "functions": [
            {
              "function": "minecraft:set_components",
              "components": {
                "minecraft:custom_data": {
                  "smithed": {
                    "dict": {
                      "tools": {
                        "topaz": true,
                        "hoe": true
                      }
                    },
                    "ignore": {
                      "functionality": true,
                      "crafting": true
                    }
                  },
                  "iyc": {
                    "topaz_hoe": true
                  }
                },
                "minecraft:max_damage": 1281,
                "minecraft:attribute_modifiers": [
                  {
                    "type": "attack_damage",
                    "amount": 2.0,
                    "operation": "add_value",
                    "slot": "mainhand",
                    "id": "iyc:attack_damage.mainhand"
                  },
                  {
                    "type": "attack_speed",
                    "amount": 0,
                    "operation": "add_value",
                    "slot": "mainhand",
                    "id": "iyc:attack_speed.mainhand"
                  }
                ],
                "minecraft:item_model": "iyc:topaz_hoe",
                "minecraft:item_name": "{'text': 'Topaz Hoe', 'italic': false, 'color': 'white'}",
                "minecraft:lore": [
                  "{'text': 'ImagineYourCraft', 'italic': true, 'color': 'blue'}"
                ]
              }
            }
          ]
        }
      ]
    }
  ]
}
