{
	"providers": [
		{"type": "bitmap","file": "iyc:font/category/material_1.png","ascent": 0,"height": 130,"chars": ["\u1023"]},
		{"type": "bitmap","file": "iyc:font/category/material_2.png","ascent": 0,"height": 130,"chars": ["\u1024"]},
		{"type": "bitmap","file": "iyc:font/category/equipment_1.png","ascent": 0,"height": 130,"chars": ["\u1025"]},
		{"type": "bitmap","file": "iyc:font/category/equipment_2.png","ascent": 0,"height": 130,"chars": ["\u1026"]},
		{"type": "bitmap","file": "iyc:font/category/equipment_3.png","ascent": 0,"height": 130,"chars": ["\u1027"]},
		{"type": "bitmap","file": "iyc:font/category/building.png","ascent": 0,"height": 130,"chars": ["\u1028"]},
		{"type": "bitmap","file": "iyc:font/category/food.png","ascent": 0,"height": 130,"chars": ["\u1029"]},
		{"type": "bitmap","file": "iyc:font/category/miscellaneous.png","ascent": 0,"height": 130,"chars": ["\u102a"]},
		{"type": "bitmap","file": "iyc:font/page/adamantium_block.png","ascent": 0,"height": 60,"chars": ["\u102b"]},
		{"type": "bitmap","file": "iyc:font/page/adamantium_ore.png","ascent": 0,"height": 40,"chars": ["\u102c"]},
		{"type": "bitmap","file": "iyc:font/page/adamantium_fragment.png","ascent": 0,"height": 40,"chars": ["\u102d"]},
		{"type": "bitmap","file": "iyc:font/page/sapphire_block.png","ascent": 0,"height": 60,"chars": ["\u102e"]},
		{"type": "bitmap","file": "iyc:font/page/sapphire_ore.png","ascent": 0,"height": 40,"chars": ["\u102f"]},
		{"type": "bitmap","file": "iyc:font/page/sapphire.png","ascent": 0,"height": 60,"chars": ["\u1030"]},
		{"type": "bitmap","file": "iyc:font/page/sapphire_1.png","ascent": 6,"height": 60,"chars": ["\u8021"]},
		{"type": "bitmap","file": "iyc:font/page/ruby_block.png","ascent": 0,"height": 60,"chars": ["\u1031"]},
		{"type": "bitmap","file": "iyc:font/page/ruby_ore.png","ascent": 0,"height": 40,"chars": ["\u1032"]},
		{"type": "bitmap","file": "iyc:font/page/ruby.png","ascent": 0,"height": 60,"chars": ["\u1033"]},
		{"type": "bitmap","file": "iyc:font/page/ruby_1.png","ascent": 6,"height": 60,"chars": ["\u8022"]},
		{"type": "bitmap","file": "iyc:font/page/topaz_block.png","ascent": 0,"height": 60,"chars": ["\u1034"]},
		{"type": "bitmap","file": "iyc:font/page/topaz_ore.png","ascent": 0,"height": 40,"chars": ["\u1035"]},
		{"type": "bitmap","file": "iyc:font/page/topaz.png","ascent": 0,"height": 60,"chars": ["\u1036"]},
		{"type": "bitmap","file": "iyc:font/page/topaz_1.png","ascent": 6,"height": 60,"chars": ["\u8023"]},
		{"type": "bitmap","file": "iyc:font/page/massive_obsidian_block.png","ascent": 0,"height": 60,"chars": ["\u1037"]},
		{"type": "bitmap","file": "iyc:font/page/obsidian_ingot.png","ascent": 0,"height": 60,"chars": ["\u1038"]},
		{"type": "bitmap","file": "iyc:font/page/steel_block.png","ascent": 0,"height": 60,"chars": ["\u1039"]},
		{"type": "bitmap","file": "iyc:font/page/steel_ore.png","ascent": 0,"height": 40,"chars": ["\u103a"]},
		{"type": "bitmap","file": "iyc:font/page/steel_ingot.png","ascent": 0,"height": 60,"chars": ["\u103b"]},
		{"type": "bitmap","file": "iyc:font/page/steel_ingot_1.png","ascent": 6,"height": 60,"chars": ["\u8024"]},
		{"type": "bitmap","file": "iyc:font/page/steel_stick.png","ascent": 0,"height": 60,"chars": ["\u103c"]},
		{"type": "bitmap","file": "iyc:font/page/lignite_block.png","ascent": 0,"height": 60,"chars": ["\u103d"]},
		{"type": "bitmap","file": "iyc:font/page/lignite_ore.png","ascent": 0,"height": 40,"chars": ["\u103e"]},
		{"type": "bitmap","file": "iyc:font/page/lignite.png","ascent": 0,"height": 60,"chars": ["\u103f"]},
		{"type": "bitmap","file": "iyc:font/page/lignite_1.png","ascent": 6,"height": 60,"chars": ["\u8025"]},
		{"type": "bitmap","file": "iyc:font/page/slate_block.png","ascent": 0,"height": 60,"chars": ["\u1040"]},
		{"type": "bitmap","file": "iyc:font/page/slate_ore.png","ascent": 0,"height": 40,"chars": ["\u1041"]},
		{"type": "bitmap","file": "iyc:font/page/slate.png","ascent": 0,"height": 60,"chars": ["\u1042"]},
		{"type": "bitmap","file": "iyc:font/page/slate_1.png","ascent": 6,"height": 60,"chars": ["\u8026"]},
		{"type": "bitmap","file": "iyc:font/page/stone_stick.png","ascent": 0,"height": 60,"chars": ["\u1043"]},
		{"type": "bitmap","file": "iyc:font/page/hops_seeds.png","ascent": 0,"height": 40,"chars": ["\u1044"]},
		{"type": "bitmap","file": "iyc:font/page/beer_mug.png","ascent": 0,"height": 60,"chars": ["\u1045"]},
		{"type": "bitmap","file": "iyc:font/page/beer_mug_1.png","ascent": 6,"height": 60,"chars": ["\u8027"]},
		{"type": "bitmap","file": "iyc:font/page/caffeine.png","ascent": 0,"height": 40,"chars": ["\u1046"]},
		{"type": "bitmap","file": "iyc:font/page/can.png","ascent": 0,"height": 60,"chars": ["\u1047"]},
		{"type": "bitmap","file": "iyc:font/page/cola.png","ascent": 0,"height": 40,"chars": ["\u1048"]},
		{"type": "bitmap","file": "iyc:font/page/empty_glass.png","ascent": 0,"height": 60,"chars": ["\u1049"]},
		{"type": "bitmap","file": "iyc:font/page/hops.png","ascent": 0,"height": 40,"chars": ["\u104a"]},
		{"type": "bitmap","file": "iyc:font/page/glass_pot.png","ascent": 0,"height": 60,"chars": ["\u104b"]},
		{"type": "bitmap","file": "iyc:font/page/taurine.png","ascent": 0,"height": 40,"chars": ["\u104c"]},
		{"type": "bitmap","file": "iyc:font/page/chainmail.png","ascent": 0,"height": 60,"chars": ["\u104d"]},
		{"type": "bitmap","file": "iyc:font/page/chainmail_1.png","ascent": 6,"height": 60,"chars": ["\u8028"]},
		{"type": "bitmap","file": "iyc:font/page/chainmail_2.png","ascent": 6,"height": 60,"chars": ["\u8029"]},
		{"type": "bitmap","file": "iyc:font/page/chainmail_3.png","ascent": 6,"height": 60,"chars": ["\u802a"]},
		{"type": "bitmap","file": "iyc:font/page/chainmail_4.png","ascent": 6,"height": 60,"chars": ["\u802b"]},
		{"type": "bitmap","file": "iyc:font/page/adamantium_helmet.png","ascent": 0,"height": 60,"chars": ["\u104e"]},
		{"type": "bitmap","file": "iyc:font/page/adamantium_chestplate.png","ascent": 0,"height": 60,"chars": ["\u104f"]},
		{"type": "bitmap","file": "iyc:font/page/adamantium_leggings.png","ascent": 0,"height": 60,"chars": ["\u1050"]},
		{"type": "bitmap","file": "iyc:font/page/adamantium_boots.png","ascent": 0,"height": 60,"chars": ["\u1051"]},
		{"type": "bitmap","file": "iyc:font/page/adamantium_sword.png","ascent": 0,"height": 60,"chars": ["\u1052"]},
		{"type": "bitmap","file": "iyc:font/page/adamantium_pickaxe.png","ascent": 0,"height": 60,"chars": ["\u1053"]},
		{"type": "bitmap","file": "iyc:font/page/adamantium_axe.png","ascent": 0,"height": 60,"chars": ["\u1054"]},
		{"type": "bitmap","file": "iyc:font/page/adamantium_shovel.png","ascent": 0,"height": 60,"chars": ["\u1055"]},
		{"type": "bitmap","file": "iyc:font/page/adamantium_hoe.png","ascent": 0,"height": 60,"chars": ["\u1056"]},
		{"type": "bitmap","file": "iyc:font/page/sapphire_helmet.png","ascent": 0,"height": 60,"chars": ["\u1057"]},
		{"type": "bitmap","file": "iyc:font/page/sapphire_chestplate.png","ascent": 0,"height": 60,"chars": ["\u1058"]},
		{"type": "bitmap","file": "iyc:font/page/sapphire_leggings.png","ascent": 0,"height": 60,"chars": ["\u1059"]},
		{"type": "bitmap","file": "iyc:font/page/sapphire_boots.png","ascent": 0,"height": 60,"chars": ["\u105a"]},
		{"type": "bitmap","file": "iyc:font/page/sapphire_sword.png","ascent": 0,"height": 60,"chars": ["\u105b"]},
		{"type": "bitmap","file": "iyc:font/page/sapphire_pickaxe.png","ascent": 0,"height": 60,"chars": ["\u105c"]},
		{"type": "bitmap","file": "iyc:font/page/sapphire_axe.png","ascent": 0,"height": 60,"chars": ["\u105d"]},
		{"type": "bitmap","file": "iyc:font/page/sapphire_shovel.png","ascent": 0,"height": 60,"chars": ["\u105e"]},
		{"type": "bitmap","file": "iyc:font/page/sapphire_hoe.png","ascent": 0,"height": 60,"chars": ["\u105f"]},
		{"type": "bitmap","file": "iyc:font/page/ruby_helmet.png","ascent": 0,"height": 60,"chars": ["\u1060"]},
		{"type": "bitmap","file": "iyc:font/page/ruby_chestplate.png","ascent": 0,"height": 60,"chars": ["\u1061"]},
		{"type": "bitmap","file": "iyc:font/page/ruby_leggings.png","ascent": 0,"height": 60,"chars": ["\u1062"]},
		{"type": "bitmap","file": "iyc:font/page/ruby_boots.png","ascent": 0,"height": 60,"chars": ["\u1063"]},
		{"type": "bitmap","file": "iyc:font/page/ruby_sword.png","ascent": 0,"height": 60,"chars": ["\u1064"]},
		{"type": "bitmap","file": "iyc:font/page/ruby_pickaxe.png","ascent": 0,"height": 60,"chars": ["\u1065"]},
		{"type": "bitmap","file": "iyc:font/page/ruby_axe.png","ascent": 0,"height": 60,"chars": ["\u1066"]},
		{"type": "bitmap","file": "iyc:font/page/ruby_shovel.png","ascent": 0,"height": 60,"chars": ["\u1067"]},
		{"type": "bitmap","file": "iyc:font/page/ruby_hoe.png","ascent": 0,"height": 60,"chars": ["\u1068"]},
		{"type": "bitmap","file": "iyc:font/page/topaz_helmet.png","ascent": 0,"height": 60,"chars": ["\u1069"]},
		{"type": "bitmap","file": "iyc:font/page/topaz_chestplate.png","ascent": 0,"height": 60,"chars": ["\u106a"]},
		{"type": "bitmap","file": "iyc:font/page/topaz_leggings.png","ascent": 0,"height": 60,"chars": ["\u106b"]},
		{"type": "bitmap","file": "iyc:font/page/topaz_boots.png","ascent": 0,"height": 60,"chars": ["\u106c"]},
		{"type": "bitmap","file": "iyc:font/page/topaz_sword.png","ascent": 0,"height": 60,"chars": ["\u106d"]},
		{"type": "bitmap","file": "iyc:font/page/topaz_pickaxe.png","ascent": 0,"height": 60,"chars": ["\u106e"]},
		{"type": "bitmap","file": "iyc:font/page/topaz_axe.png","ascent": 0,"height": 60,"chars": ["\u106f"]},
		{"type": "bitmap","file": "iyc:font/page/topaz_shovel.png","ascent": 0,"height": 60,"chars": ["\u1070"]},
		{"type": "bitmap","file": "iyc:font/page/topaz_hoe.png","ascent": 0,"height": 60,"chars": ["\u1071"]},
		{"type": "bitmap","file": "iyc:font/page/obsidian_helmet.png","ascent": 0,"height": 60,"chars": ["\u1072"]},
		{"type": "bitmap","file": "iyc:font/page/obsidian_chestplate.png","ascent": 0,"height": 60,"chars": ["\u1073"]},
		{"type": "bitmap","file": "iyc:font/page/obsidian_leggings.png","ascent": 0,"height": 60,"chars": ["\u1074"]},
		{"type": "bitmap","file": "iyc:font/page/obsidian_boots.png","ascent": 0,"height": 60,"chars": ["\u1075"]},
		{"type": "bitmap","file": "iyc:font/page/obsidian_sword.png","ascent": 0,"height": 60,"chars": ["\u1076"]},
		{"type": "bitmap","file": "iyc:font/page/obsidian_pickaxe.png","ascent": 0,"height": 60,"chars": ["\u1077"]},
		{"type": "bitmap","file": "iyc:font/page/obsidian_axe.png","ascent": 0,"height": 60,"chars": ["\u1078"]},
		{"type": "bitmap","file": "iyc:font/page/obsidian_shovel.png","ascent": 0,"height": 60,"chars": ["\u1079"]},
		{"type": "bitmap","file": "iyc:font/page/obsidian_hoe.png","ascent": 0,"height": 60,"chars": ["\u107a"]},
		{"type": "bitmap","file": "iyc:font/page/emerald_helmet.png","ascent": 0,"height": 60,"chars": ["\u107b"]},
		{"type": "bitmap","file": "iyc:font/page/emerald_chestplate.png","ascent": 0,"height": 60,"chars": ["\u107c"]},
		{"type": "bitmap","file": "iyc:font/page/emerald_leggings.png","ascent": 0,"height": 60,"chars": ["\u107d"]},
		{"type": "bitmap","file": "iyc:font/page/emerald_boots.png","ascent": 0,"height": 60,"chars": ["\u107e"]},
		{"type": "bitmap","file": "iyc:font/page/emerald_sword.png","ascent": 0,"height": 60,"chars": ["\u107f"]},
		{"type": "bitmap","file": "iyc:font/page/emerald_pickaxe.png","ascent": 0,"height": 60,"chars": ["\u1080"]},
		{"type": "bitmap","file": "iyc:font/page/emerald_axe.png","ascent": 0,"height": 60,"chars": ["\u1081"]},
		{"type": "bitmap","file": "iyc:font/page/emerald_shovel.png","ascent": 0,"height": 60,"chars": ["\u1082"]},
		{"type": "bitmap","file": "iyc:font/page/emerald_hoe.png","ascent": 0,"height": 60,"chars": ["\u1083"]},
		{"type": "bitmap","file": "iyc:font/page/steel_helmet.png","ascent": 0,"height": 60,"chars": ["\u1084"]},
		{"type": "bitmap","file": "iyc:font/page/steel_chestplate.png","ascent": 0,"height": 60,"chars": ["\u1085"]},
		{"type": "bitmap","file": "iyc:font/page/steel_leggings.png","ascent": 0,"height": 60,"chars": ["\u1086"]},
		{"type": "bitmap","file": "iyc:font/page/steel_boots.png","ascent": 0,"height": 60,"chars": ["\u1087"]},
		{"type": "bitmap","file": "iyc:font/page/steel_sword.png","ascent": 0,"height": 60,"chars": ["\u1088"]},
		{"type": "bitmap","file": "iyc:font/page/steel_pickaxe.png","ascent": 0,"height": 60,"chars": ["\u1089"]},
		{"type": "bitmap","file": "iyc:font/page/steel_axe.png","ascent": 0,"height": 60,"chars": ["\u108a"]},
		{"type": "bitmap","file": "iyc:font/page/steel_shovel.png","ascent": 0,"height": 60,"chars": ["\u108b"]},
		{"type": "bitmap","file": "iyc:font/page/steel_hoe.png","ascent": 0,"height": 60,"chars": ["\u108c"]},
		{"type": "bitmap","file": "iyc:font/page/bolt.png","ascent": 0,"height": 60,"chars": ["\u108d"]},
		{"type": "bitmap","file": "iyc:font/page/helice_hat.png","ascent": 0,"height": 60,"chars": ["\u108e"]},
		{"type": "bitmap","file": "iyc:font/page/l118a.png","ascent": 0,"height": 60,"chars": ["\u108f"]},
		{"type": "bitmap","file": "iyc:font/page/sw1911.png","ascent": 0,"height": 60,"chars": ["\u1090"]},
		{"type": "bitmap","file": "iyc:font/page/iron_furnace.png","ascent": 0,"height": 60,"chars": ["\u1091"]},
		{"type": "bitmap","file": "iyc:font/page/box_jump.png","ascent": 0,"height": 60,"chars": ["\u1092"]},
		{"type": "bitmap","file": "iyc:font/page/box_speed.png","ascent": 0,"height": 60,"chars": ["\u1093"]},
		{"type": "bitmap","file": "iyc:font/page/blue_block_ctf.png","ascent": 0,"height": 60,"chars": ["\u1094"]},
		{"type": "bitmap","file": "iyc:font/page/clear_glass.png","ascent": 0,"height": 60,"chars": ["\u1095"]},
		{"type": "bitmap","file": "iyc:font/page/cloud.png","ascent": 0,"height": 40,"chars": ["\u1096"]},
		{"type": "bitmap","file": "iyc:font/page/flatware.png","ascent": 0,"height": 40,"chars": ["\u1097"]},
		{"type": "bitmap","file": "iyc:font/page/iron_ladder.png","ascent": 0,"height": 60,"chars": ["\u1098"]},
		{"type": "bitmap","file": "iyc:font/page/birch_wood_lantern.png","ascent": 0,"height": 60,"chars": ["\u1099"]},
		{"type": "bitmap","file": "iyc:font/page/jungle_wood_lantern.png","ascent": 0,"height": 60,"chars": ["\u109a"]},
		{"type": "bitmap","file": "iyc:font/page/oak_wood_lantern.png","ascent": 0,"height": 60,"chars": ["\u109b"]},
		{"type": "bitmap","file": "iyc:font/page/spruce_wood_lantern.png","ascent": 0,"height": 60,"chars": ["\u109c"]},
		{"type": "bitmap","file": "iyc:font/page/iron_lantern.png","ascent": 0,"height": 60,"chars": ["\u109d"]},
		{"type": "bitmap","file": "iyc:font/page/red_light.png","ascent": 0,"height": 60,"chars": ["\u109e"]},
		{"type": "bitmap","file": "iyc:font/page/reversed_oak_planks.png","ascent": 0,"height": 60,"chars": ["\u109f"]},
		{"type": "bitmap","file": "iyc:font/page/black_flower.png","ascent": 0,"height": 40,"chars": ["\u10a0"]},
		{"type": "bitmap","file": "iyc:font/page/blue_flower.png","ascent": 0,"height": 40,"chars": ["\u10a1"]},
		{"type": "bitmap","file": "iyc:font/page/white_flower.png","ascent": 0,"height": 40,"chars": ["\u10a2"]},
		{"type": "bitmap","file": "iyc:font/page/toast.png","ascent": 0,"height": 60,"chars": ["\u10a3"]},
		{"type": "bitmap","file": "iyc:font/page/apple_juice.png","ascent": 0,"height": 60,"chars": ["\u10a4"]},
		{"type": "bitmap","file": "iyc:font/page/beer.png","ascent": 0,"height": 60,"chars": ["\u10a5"]},
		{"type": "bitmap","file": "iyc:font/page/cherry.png","ascent": 0,"height": 40,"chars": ["\u10a6"]},
		{"type": "bitmap","file": "iyc:font/page/cherry_cake.png","ascent": 0,"height": 60,"chars": ["\u10a7"]},
		{"type": "bitmap","file": "iyc:font/page/coca.png","ascent": 0,"height": 60,"chars": ["\u10a8"]},
		{"type": "bitmap","file": "iyc:font/page/hot_chocolate.png","ascent": 0,"height": 60,"chars": ["\u10a9"]},
		{"type": "bitmap","file": "iyc:font/page/nutella.png","ascent": 0,"height": 60,"chars": ["\u10aa"]},
		{"type": "bitmap","file": "iyc:font/page/nutella_toast.png","ascent": 0,"height": 60,"chars": ["\u10ab"]},
		{"type": "bitmap","file": "iyc:font/page/red_bull.png","ascent": 0,"height": 60,"chars": ["\u10ac"]},
		{"type": "bitmap","file": "iyc:font/page/lignite_torch.png","ascent": 0,"height": 60,"chars": ["\u10ad"]},
		{"type": "bitmap","file": "iyc:font/page/coin.png","ascent": 0,"height": 40,"chars": ["\u10ae"]},
		{"type": "bitmap","file": "iyc:font/page/nuclear_bomb.png","ascent": 0,"height": 60,"chars": ["\u10af"]},
		{"type": "bitmap","file": "iyc:font/page/quiver.png","ascent": 0,"height": 40,"chars": ["\u10b0"]},
		{"type": "bitmap","file": "iyc:font/page/rock.png","ascent": 0,"height": 40,"chars": ["\u10b1"]},
		{"type": "bitmap","file": "iyc:font/page/screwdriver.png","ascent": 0,"height": 40,"chars": ["\u10b2"]},
		{"type": "bitmap","file": "iyc:font/category/categories_page.png","ascent": 0,"height": 130,"chars": ["\u1021"]},
		{"type": "bitmap","file": "iyc:font/page/_logo.png","ascent": 0,"height": 40,"chars": ["\u1020"]},
		{"type": "bitmap","file": "iyc:font/none.png","ascent": 8,"height": 20,"chars": ["\u0020"]},
		{"type": "bitmap","file": "iyc:font/none.png","ascent": 8,"height": 18,"chars": ["\u0021"]},
		{"type": "bitmap","file": "iyc:font/none.png","ascent": 7,"height": 7,"chars": ["\u0022"]},
		{"type": "bitmap","file": "iyc:font/none.png","ascent": 0,"height": 2,"chars": ["\u0023"]},
		{"type": "bitmap","file": "iyc:font/wiki_information.png","ascent": 8,"height": 10,"chars": ["\u0024"]},
		{"type": "bitmap","file": "iyc:font/wiki_result_of_craft.png","ascent": 8,"height": 10,"chars": ["\u0025"]},
		{"type": "bitmap","file": "iyc:font/wiki_ingredient_of_craft.png","ascent": 8,"height": 10,"chars": ["\u0026"]}
	]
}
