{
	"type": "minecraft:blasting",
	"ingredient": {
		"item": "minecraft:furnace"
	},
	"result": {
		"id": "minecraft:command_block",
		"count": 1,
		"components": {
			"minecraft:custom_data": {
				"smithed": {
					"dict": {
						"ruby": {
							"ruby": true
						}
					},
					"ignore": {
						"functionality": true,
						"crafting": true
					}
				},
				"iyc": {
					"ruby": true
				}
			},
			"minecraft:custom_model_data": 2015029,
			"minecraft:item_name": "{'text': 'Ruby', 'italic': false, 'color': 'white'}",
			"minecraft:lore": [
				"{'text': 'ImagineYourCraft', 'italic': true, 'color': 'blue'}"
			]
		}
	},
	"experience": 0.8,
	"cookingtime": 100
}
