{
	"type": "minecraft:smelting",
	"ingredient": {
		"item": "minecraft:furnace"
	},
	"result": {
		"id": "minecraft:command_block",
		"count": 1,
		"components": {
			"minecraft:custom_data": {
				"smithed": {
					"dict": {
						"sapphire": {
							"sapphire": true
						}
					},
					"ignore": {
						"functionality": true,
						"crafting": true
					}
				},
				"iyc": {
					"sapphire": true
				}
			},
			"minecraft:custom_model_data": 2015016,
			"minecraft:item_name": "{'text': 'Sapphire', 'italic': false, 'color': 'white'}",
			"minecraft:lore": [
				"{'text': 'ImagineYourCraft', 'italic': true, 'color': 'blue'}"
			]
		}
	},
	"experience": 0.8,
	"cookingtime": 200
}
