{
	"type": "minecraft:smelting",
	"ingredient": {
		"item": "minecraft:furnace"
	},
	"result": {
		"id": "minecraft:command_block",
		"count": 1,
		"components": {
			"minecraft:custom_data": {
				"smithed": {
					"dict": {
						"ingot": {
							"obsidian": true
						}
					},
					"ignore": {
						"functionality": true,
						"crafting": true
					}
				},
				"iyc": {
					"obsidian_ingot": true
				}
			},
			"minecraft:custom_model_data": 2015052,
			"minecraft:item_name": "{'text': 'Obsidian Ingot', 'italic': false, 'color': 'white'}",
			"minecraft:lore": [
				"{'text': 'ImagineYourCraft', 'italic': true, 'color': 'blue'}"
			]
		}
	},
	"experience": 0.2,
	"cookingtime": 800
}
