{
	"type": "minecraft:crafting_shapeless",
	"category": "misc",
	"ingredients": [
		"minecraft:chain",
		"minecraft:chain"
	],
	"result": {
		"id": "minecraft:command_block",
		"count": 4,
		"components": {
			"minecraft:item_model": "iyc:chainmail",
			"minecraft:item_name": {
				"text": "Chainmail",
				"italic": false,
				"color": "white"
			},
			"minecraft:lore": [
				[
					"",
					{"text": "I","color": "white","italic": false,"font": "iyc:icons"},
					{"text": " ImagineYourCraft","italic": true,"color": "blue"}
				]
			],
			"minecraft:custom_data": {
				"iyc": {
					"chainmail": true
				},
				"smithed": {
					"ignore": {"functionality": true,"crafting": true}
				}
			}
		}
	}
}
