{
	"type": "minecraft:crafting_shapeless",
	"category": "misc",
	"ingredients": [
		"minecraft:glass",
		"minecraft:glass",
		"minecraft:glass",
		"minecraft:glass",
		"minecraft:glass",
		"minecraft:glass",
		"minecraft:glass",
		"minecraft:glass",
		"minecraft:glass"
	],
	"result": {
		"id": "minecraft:furnace",
		"count": 4,
		"components": {
			"minecraft:item_model": "iyc:clear_glass",
			"minecraft:item_name": "{'text': 'Clear Glass', 'italic': false, 'color': 'white'}",
			"minecraft:lore": [
				"{'text': 'ImagineYourCraft', 'italic': true, 'color': 'blue'}"
			],
			"minecraft:custom_data": {
				"iyc": {
					"clear_glass": true
				},
				"smithed": {
					"ignore": {"functionality": true,"crafting": true}
				}
			},
			"minecraft:container": [
				{
					"slot": 0,
					"item": {"id": "minecraft:stone","count": 1,"components": {"minecraft:custom_data": {"smithed": {"block": {"id": "iyc:clear_glass","from": "iyc"}}}}}
				}
			]
		}
	}
}
