{
	"type": "minecraft:crafting_shaped",
	"category": "equipment",
	"pattern": [
		"XXX",
		" S ",
		" S "
	],
	"key": {
		"X": "minecraft:emerald",
		"S": "minecraft:stick"
	},
	"result": {
		"id": "minecraft:diamond_pickaxe",
		"count": 1,
		"components": {
			"minecraft:custom_data": {
				"smithed": {
					"dict": {"tools": {"emerald": true,"pickaxe": true}},
					"ignore": {"functionality": true,"crafting": true}
				},
				"iyc": {
					"emerald_pickaxe": true
				}
			},
			"minecraft:max_damage": 736,
			"minecraft:attribute_modifiers": [
				{
					"type": "attack_damage",
					"amount": 5,
					"operation": "add_value",
					"slot": "mainhand",
					"id": "iyc:attack_damage.mainhand"
				},
				{
					"type": "attack_speed",
					"amount": -2.75,
					"operation": "add_value",
					"slot": "mainhand",
					"id": "iyc:attack_speed.mainhand"
				},
				{
					"type": "luck",
					"amount": 0.25,
					"operation": "add_value",
					"slot": "mainhand",
					"id": "iyc:luck.mainhand"
				}
			],
			"minecraft:item_model": "iyc:emerald_pickaxe",
			"minecraft:item_name": "{'text': 'Emerald Pickaxe', 'italic': false, 'color': 'white'}",
			"minecraft:lore": [
				"{'text': 'ImagineYourCraft', 'italic': true, 'color': 'blue'}"
			]
		}
	}
}
