{
	"type": "minecraft:crafting_shaped",
	"category": "equipment",
	"pattern": [
		"XXX",
		"X X"
	],
	"key": {
		"X": "minecraft:emerald"
	},
	"result": {
		"id": "minecraft:leather_helmet",
		"count": 1,
		"components": {
			"minecraft:custom_data": {
				"smithed": {
					"dict": {"armor": {"emerald": true,"helmet": true}},
					"ignore": {"functionality": true,"crafting": true}
				},
				"iyc": {
					"emerald_helmet": true
				}
			},
			"minecraft:max_damage": 171,
			"minecraft:equippable": {
				"slot": "head",
				"asset_id": "iyc:emerald"
			},
			"minecraft:attribute_modifiers": [
				{
					"type": "armor",
					"amount": 3,
					"operation": "add_value",
					"slot": "head",
					"id": "iyc:armor.head"
				},
				{
					"type": "armor_toughness",
					"amount": 2,
					"operation": "add_value",
					"slot": "head",
					"id": "iyc:armor_toughness.head"
				},
				{
					"type": "luck",
					"amount": 0.25,
					"operation": "add_value",
					"slot": "head",
					"id": "iyc:luck.head"
				}
			],
			"minecraft:item_model": "iyc:emerald_helmet",
			"minecraft:item_name": {
				"text": "Emerald Helmet",
				"italic": false,
				"color": "white"
			},
			"minecraft:lore": [
				[
					"",
					{"text": "I","color": "white","italic": false,"font": "iyc:icons"},
					{"text": " ImagineYourCraft","italic": true,"color": "blue"}
				]
			]
		}
	}
}
