{
	"type": "minecraft:crafting_shaped",
	"category": "equipment",
	"pattern": [
		"XX",
		"XS",
		" S"
	],
	"key": {
		"X": {
			"item": "minecraft:emerald"
		},
		"S": {
			"item": "minecraft:stick"
		}
	},
	"result": {
		"id": "minecraft:diamond_axe",
		"count": 1,
		"components": {
			"minecraft:custom_data": {
				"smithed": {
					"dict": {"tools": {"emerald": true,"axe": true}},
					"ignore": {"functionality": true,"crafting": true}
				},
				"iyc": {
					"emerald_axe": true
				}
			},
			"minecraft:max_damage": 736,
			"minecraft:attribute_modifiers": [
				{
					"type": "generic.attack_damage",
					"amount": 9,
					"operation": "add_value",
					"slot": "mainhand",
					"id": "iyc:generic.attack_damage.mainhand"
				},
				{
					"type": "generic.attack_speed",
					"amount": -3.0,
					"operation": "add_value",
					"slot": "mainhand",
					"id": "iyc:generic.attack_speed.mainhand"
				},
				{
					"type": "generic.luck",
					"amount": 0.25,
					"operation": "add_value",
					"slot": "mainhand",
					"id": "iyc:generic.luck.mainhand"
				}
			],
			"minecraft:custom_model_data": 2015064,
			"minecraft:item_name": "{'text': 'Emerald Axe', 'italic': false, 'color': 'white'}",
			"minecraft:lore": [
				"{'text': 'ImagineYourCraft', 'italic': true, 'color': 'blue'}"
			]
		}
	}
}

