{
	"type": "minecraft:crafting_shaped",
	"category": "misc",
	"pattern": [
		"X X",
		"X X",
		" X "
	],
	"key": {
		"X": "minecraft:glass"
	},
	"result": {
		"id": "minecraft:command_block",
		"count": 4,
		"components": {
			"minecraft:item_model": "iyc:empty_glass",
			"minecraft:item_name": {
				"text": "Empty Glass",
				"italic": false,
				"color": "white"
			},
			"minecraft:lore": [
				[
					"",
					{"text": "I","color": "white","italic": false,"font": "iyc:icons"},
					{"text": " ImagineYourCraft","italic": true,"color": "blue"}
				]
			],
			"minecraft:custom_data": {
				"iyc": {
					"empty_glass": true
				},
				"smithed": {
					"ignore": {"functionality": true,"crafting": true}
				}
			}
		}
	}
}
