{
	"type": "minecraft:crafting_shaped",
	"category": "misc",
	"pattern": [
		"X X",
		"X X",
		"XXX"
	],
	"key": {
		"X": "minecraft:glass"
	},
	"result": {
		"id": "minecraft:command_block",
		"count": 1,
		"components": {
			"minecraft:item_model": "iyc:glass_pot",
			"minecraft:item_name": "{\"text\": \"Glass Pot\", \"italic\": false, \"color\": \"white\"}",
			"minecraft:lore": [
				"[\"\", {\"text\": \"I\", \"color\": \"white\", \"italic\": false, \"font\": \"iyc:icons\"}, {\"text\": \" ImagineYourCraft\", \"italic\": true, \"color\": \"blue\"}]"
			],
			"minecraft:custom_data": {
				"iyc": {
					"glass_pot": true
				},
				"smithed": {
					"ignore": {"functionality": true,"crafting": true}
				}
			}
		}
	}
}
