{
	"type": "minecraft:crafting_shapeless",
	"category": "blocks",
	"ingredients": [
		"minecraft:redstone_lamp",
		"minecraft:red_wool"
	],
	"result": {
		"id": "minecraft:furnace",
		"count": 1,
		"components": {
			"minecraft:item_model": "iyc:red_light",
			"minecraft:item_name": {
				"text": "Red Light",
				"italic": false,
				"color": "white"
			},
			"minecraft:lore": [
				[
					"",
					{"text": "I","color": "white","italic": false,"font": "iyc:icons"},
					{"text": " ImagineYourCraft","italic": true,"color": "blue"}
				]
			],
			"minecraft:custom_data": {
				"iyc": {
					"red_light": true
				},
				"smithed": {
					"ignore": {"functionality": true,"crafting": true}
				}
			},
			"minecraft:container": [
				{
					"slot": 0,
					"item": {"id": "minecraft:stone","count": 1,"components": {"minecraft:custom_data": {"smithed": {"block": {"id": "iyc:red_light","from": "iyc"}}}}}
				}
			],
			"minecraft:tooltip_display": {
				"hidden_components": [
					"minecraft:container"
				]
			}
		}
	}
}
