{
	"type": "minecraft:crafting_shaped",
	"category": "blocks",
	"pattern": [
		" X",
		"XX",
		"X "
	],
	"key": {
		"X": "minecraft:oak_planks"
	},
	"result": {
		"id": "minecraft:furnace",
		"count": 4,
		"components": {
			"minecraft:item_model": "iyc:reversed_oak_planks",
			"minecraft:item_name": "{\"text\": \"Reversed Oak Planks\", \"italic\": false, \"color\": \"white\"}",
			"minecraft:lore": [
				"[\"\", {\"text\": \"I\", \"color\": \"white\", \"italic\": false, \"font\": \"iyc:icons\"}, {\"text\": \" ImagineYourCraft\", \"italic\": true, \"color\": \"blue\"}]"
			],
			"minecraft:custom_data": {
				"iyc": {
					"reversed_oak_planks": true
				},
				"smithed": {
					"ignore": {"functionality": true,"crafting": true}
				}
			},
			"minecraft:container": [
				{
					"slot": 0,
					"item": {"id": "minecraft:stone","count": 1,"components": {"minecraft:custom_data": {"smithed": {"block": {"id": "iyc:reversed_oak_planks","from": "iyc"}}}}}
				}
			]
		}
	}
}
