{
	"type": "minecraft:crafting_shapeless",
	"category": "blocks",
	"group": "wood_lantern",
	"ingredients": [
		{
			"item": "minecraft:glowstone"
		},
		{
			"item": "minecraft:birch_wood"
		}
	],
	"result": {
		"id": "minecraft:furnace",
		"count": 1,
		"components": {
			"minecraft:custom_model_data": 2015100,
			"minecraft:item_name": "{'text': 'Birch Wood Lantern', 'italic': False, 'color': 'white'}",
			"minecraft:lore": [
				"{'text': 'ImagineYourCraft', 'italic': True, 'color': 'blue'}"
			],
			"minecraft:custom_data": {
				"iyc": {
					"birch_wood_lantern": true
				},
				"smithed": {
					"ignore": {"functionality": true,"crafting": true}
				}
			},
			"minecraft:container": [
				{
					"slot": 0,
					"item": {"id": "minecraft:stone","count": 1,"components": {"minecraft:custom_data": {"smithed": {"block": {"id": "iyc:birch_wood_lantern","from": "iyc"}}}}}
				}
			]
		}
	}
}

