{
	"type": "minecraft:crafting_shapeless",
	"category": "equipment",
	"ingredients": [
		{
			"item": "minecraft:iron_ingot"
		},
		{
			"item": "minecraft:arrow"
		}
	],
	"result": {
		"id": "minecraft:arrow",
		"count": 1,
		"components": {
			"minecraft:lore": [
				"{\"text\":\"x1.5 damage arrow\",\"color\":\"gray\",\"italic\":false}",
				"{'text': 'ImagineYourCraft', 'italic': True, 'color': 'blue'}"
			],
			"minecraft:custom_model_data": 2015092,
			"minecraft:item_name": "{'text': 'Bolt', 'italic': False, 'color': 'white'}",
			"minecraft:custom_data": {
				"iyc": {
					"bolt": true
				},
				"smithed": {
					"ignore": {"functionality": true,"crafting": true}
				}
			}
		}
	}
}

