{
	"type": "minecraft:crafting_shapeless",
	"category": "misc",
	"ingredients": [
		{
			"item": "minecraft:chain"
		},
		{
			"item": "minecraft:chain"
		}
	],
	"result": {
		"id": "minecraft:command_block",
		"count": 4,
		"components": {
			"minecraft:custom_data": {
				"iyc": {
					"chainmail": true
				},
				"smithed": {
					"ignore": {"functionality": true,"crafting": true}
				}
			},
			"minecraft:item_name": "[{\"translate\":\"iyc.chainmail\",\"italic\":false,\"color\":\"white\"}]",
			"minecraft:lore": [
				"[{\"translate\":\"iyc.imagineyourcraft\",\"italic\":true,\"color\":\"blue\"}]"
			],
			"minecraft:custom_model_data": 2015131
		}
	}
}

