{
	"type":"minecraft:crafting_shaped",
	"category":"equipment",
	"pattern":[
		"XX",
		" S",
		" S"
	],
	"key":{
		"X":{
			"item":"minecraft:emerald"
		},
		"S":{
			"item":"minecraft:stick"
		}
	},
	"result":{
		"id":"minecraft:diamond_hoe",
		"count":1,
		"components":{
			"minecraft:custom_data":{
				"smithed":{
					"dict":{"tools":{"emerald":true,"hoe":true}},
					"ignore":{"functionality":true,"crafting":true}
				},
				"iyc":{
					"emerald_hoe":true
				}
			},
			"minecraft:max_damage":736,
			"minecraft:attribute_modifiers":[
				{
					"type":"generic.attack_damage",
					"name":"generic.attack_damage",
					"amount":1,
					"operation":"add_value",
					"slot":"mainhand",
					"uuid":[4,1,2,3]
				},
				{
					"type":"generic.attack_speed",
					"name":"generic.attack_speed",
					"amount":0,
					"operation":"add_value",
					"slot":"mainhand",
					"uuid":[5,1,2,3]
				},
				{
					"type":"generic.luck",
					"name":"generic.luck",
					"amount":0.25,
					"operation":"add_value",
					"slot":"mainhand",
					"uuid":[7,1,2,3]
				}
			],
			"minecraft:custom_model_data":2015066,
			"minecraft:item_name":"{'translate':'iyc.emerald_hoe', 'italic':false, 'color':'white'}",
			"minecraft:lore":[
				"{'translate':'iyc.imagineyourcraft', 'italic':true, 'color':'blue'}"
			]
		}
	}
}

