{
	"type":"minecraft:crafting_shaped",
	"category":"equipment",
	"pattern":[
		"X X",
		"X X"
	],
	"key":{
		"X":{
			"item":"minecraft:emerald"
		}
	},
	"result":{
		"id":"minecraft:leather_boots",
		"count":1,
		"components":{
			"minecraft:custom_data":{
				"smithed":{
					"dict":{"armor":{"emerald":true,"boots":true}},
					"ignore":{"functionality":true,"crafting":true}
				},
				"iyc":{
					"emerald_boots":true
				}
			},
			"minecraft:dyed_color":{
				"rgb":2532680,
				"show_in_tooltip":false
			},
			"minecraft:max_damage":202,
			"minecraft:attribute_modifiers":[
				{
					"type":"generic.armor",
					"name":"generic.armor",
					"amount":3,
					"operation":"add_value",
					"slot":"feet",
					"uuid":[1,10,11,12]
				},
				{
					"type":"generic.armor_toughness",
					"name":"generic.armor_toughness",
					"amount":2,
					"operation":"add_value",
					"slot":"feet",
					"uuid":[2,10,11,12]
				},
				{
					"type":"generic.luck",
					"name":"generic.luck",
					"amount":0.25,
					"operation":"add_value",
					"slot":"feet",
					"uuid":[7,10,11,12]
				}
			],
			"minecraft:custom_model_data":2015061,
			"minecraft:item_name":"{'translate':'iyc.emerald_boots', 'italic':false, 'color':'white'}",
			"minecraft:lore":[
				"{'translate':'iyc.imagineyourcraft', 'italic':true, 'color':'blue'}"
			]
		}
	}
}

