{
	"type": "minecraft:crafting_shaped",
	"category": "equipment",
	"pattern": [
		"XX",
		"XS",
		" S"
	],
	"key": {
		"X": {
			"item": "minecraft:emerald"
		},
		"S": {
			"item": "minecraft:stick"
		}
	},
	"result": {
		"id": "minecraft:diamond_axe",
		"count": 1,
		"components": {
			"minecraft:custom_data": {
				"smithed": {
					"dict": {"tools": {"emerald": true,"axe": true}},
					"ignore": {"functionality": true,"crafting": true}
				},
				"iyc": {
					"emerald_axe": true
				}
			},
			"minecraft:attribute_modifiers": [
				{
					"type": "generic.attack_damage",
					"uuid": [0,19,20,21],
					"name": "generic.attack_damage",
					"amount": 9.0,
					"operation": "add_value",
					"slot": "mainhand"
				},
				{
					"type": "generic.attack_speed",
					"uuid": [1,19,20,21],
					"name": "generic.attack_speed",
					"amount": -3.0,
					"operation": "add_value",
					"slot": "mainhand"
				},
				{
					"type": "generic.luck",
					"uuid": [5,19,20,21],
					"name": "generic.luck",
					"amount": 0.25,
					"operation": "add_value",
					"slot": "mainhand"
				},
				{
					"type": "player.mining_efficiency",
					"uuid": [6,19,20,21],
					"name": "player.mining_efficiency",
					"amount": 0.0,
					"operation": "add_value",
					"slot": "mainhand"
				}
			],
			"minecraft:max_damage": 736,
			"minecraft:item_name": "[{\"text\":\"Emerald Axe\",\"italic\":false,\"color\":\"white\"}]",
			"minecraft:lore": [
				"[{\"text\":\"ImagineYourCraft\",\"italic\":true,\"color\":\"blue\"}]"
			],
			"minecraft:custom_model_data": 2015065
		}
	}
}

