{
	"type": "minecraft:crafting_shaped",
	"category": "equipment",
	"pattern": [
		"X",
		"S",
		"S"
	],
	"key": {
		"X": {
			"item": "minecraft:emerald"
		},
		"S": {
			"item": "minecraft:stick"
		}
	},
	"result": {
		"id": "minecraft:diamond_shovel",
		"count": 1,
		"components": {
			"minecraft:custom_data": {
				"smithed": {
					"dict": {"tools": {"emerald": true,"shovel": true}},
					"ignore": {"functionality": true,"crafting": true}
				},
				"iyc": {
					"emerald_shovel": true
				}
			},
			"minecraft:attribute_modifiers": [
				{
					"type": "generic.attack_damage",
					"uuid": [0,22,23,24],
					"name": "generic.attack_damage",
					"amount": 5.0,
					"operation": "add_value",
					"slot": "mainhand"
				},
				{
					"type": "generic.attack_speed",
					"uuid": [1,22,23,24],
					"name": "generic.attack_speed",
					"amount": -3.0,
					"operation": "add_value",
					"slot": "mainhand"
				},
				{
					"type": "generic.luck",
					"uuid": [5,22,23,24],
					"name": "generic.luck",
					"amount": 0.25,
					"operation": "add_value",
					"slot": "mainhand"
				},
				{
					"type": "player.mining_efficiency",
					"uuid": [6,22,23,24],
					"name": "player.mining_efficiency",
					"amount": 0.0,
					"operation": "add_value",
					"slot": "mainhand"
				}
			],
			"minecraft:max_damage": 736,
			"minecraft:item_name": "[{\"translate\":\"iyc.emerald_shovel\",\"italic\":false,\"color\":\"white\"}]",
			"minecraft:lore": [
				"[{\"translate\":\"iyc.imagineyourcraft\",\"italic\":true,\"color\":\"blue\"}]"
			],
			"minecraft:custom_model_data": 2015066
		}
	}
}

