{
	"type": "minecraft:crafting_shaped",
	"category": "equipment",
	"pattern": [
		"XXX",
		" S ",
		" S "
	],
	"key": {
		"X": {
			"item": "minecraft:emerald"
		},
		"S": {
			"item": "minecraft:stick"
		}
	},
	"result": {
		"id": "minecraft:diamond_pickaxe",
		"count": 1,
		"components": {
			"minecraft:custom_data": {
				"smithed": {
					"dict": {"tools": {"emerald": true,"pickaxe": true}},
					"ignore": {"functionality": true,"crafting": true}
				},
				"iyc": {
					"emerald_pickaxe": true
				}
			},
			"minecraft:max_damage": 736,
			"minecraft:attribute_modifiers": [
				{
					"type": "generic.attack_damage",
					"uuid": [0,16,17,18],
					"name": "generic.attack_damage",
					"amount": 5.0,
					"operation": "add_value",
					"slot": "mainhand"
				},
				{
					"type": "generic.attack_speed",
					"uuid": [1,16,17,18],
					"name": "generic.attack_speed",
					"amount": -2.75,
					"operation": "add_value",
					"slot": "mainhand"
				},
				{
					"type": "generic.luck",
					"uuid": [5,16,17,18],
					"name": "generic.luck",
					"amount": 0.25,
					"operation": "add_value",
					"slot": "mainhand"
				},
				{
					"type": "player.mining_efficiency",
					"uuid": [6,16,17,18],
					"name": "player.mining_efficiency",
					"amount": 0.0,
					"operation": "add_value",
					"slot": "mainhand"
				}
			],
			"minecraft:item_name": "[{\"text\":\"Emerald Pickaxe\",\"italic\":false,\"color\":\"white\"}]",
			"minecraft:lore": [
				"[{\"text\":\"ImagineYourCraft\",\"italic\":true,\"color\":\"blue\"}]"
			],
			"minecraft:custom_model_data": 2015064
		}
	}
}

