{
	"type": "minecraft:crafting_shaped",
	"category": "equipment",
	"pattern": [
		"X",
		"X",
		"S"
	],
	"key": {
		"X": {
			"item": "minecraft:emerald"
		},
		"S": {
			"item": "minecraft:stick"
		}
	},
	"result": {
		"id": "minecraft:diamond_sword",
		"count": 1,
		"components": {
			"minecraft:custom_data": {
				"smithed": {
					"dict": {"tools": {"emerald": true,"sword": true}},
					"ignore": {"functionality": true,"crafting": true}
				},
				"iyc": {
					"emerald_sword": true
				}
			},
			"minecraft:max_damage": 736,
			"minecraft:attribute_modifiers": [
				{
					"type": "generic.attack_damage",
					"name": "generic.attack_damage",
					"amount": 7,
					"operation": "add_value",
					"slot": "mainhand",
					"uuid": [4,7,8,9]
				},
				{
					"type": "generic.attack_speed",
					"name": "generic.attack_speed",
					"amount": -2.5,
					"operation": "add_value",
					"slot": "mainhand",
					"uuid": [5,7,8,9]
				},
				{
					"type": "generic.luck",
					"name": "generic.luck",
					"amount": 0.25,
					"operation": "add_value",
					"slot": "mainhand",
					"uuid": [7,7,8,9]
				}
			],
			"minecraft:custom_model_data": 2015062,
			"minecraft:item_name": "{'text': 'Emerald Sword', 'italic': False, 'color': 'white'}",
			"minecraft:lore": [
				"{'text': 'ImagineYourCraft', 'italic': True, 'color': 'blue'}"
			]
		}
	}
}

