{
	"type": "minecraft:crafting_shaped",
	"category": "misc",
	"pattern": [
		"X X",
		"X X",
		"XXX"
	],
	"key": {
		"X": {
			"item": "minecraft:glass"
		}
	},
	"result": {
		"id": "minecraft:command_block",
		"count": 1,
		"components": {
			"minecraft:custom_data": {
				"iyc": {
					"glass_pot": true
				},
				"smithed": {
					"ignore": {"functionality": true,"crafting": true}
				}
			},
			"minecraft:item_name": "[{\"translate\":\"iyc.glass_pot\",\"italic\":false,\"color\":\"white\"}]",
			"minecraft:lore": [
				"[{\"translate\":\"iyc.imagineyourcraft\",\"italic\":true,\"color\":\"blue\"}]"
			],
			"minecraft:custom_model_data": 2015120
		}
	}
}

