{
	"pools": [
		{
			"rolls": 1,
			"entries": [
				{
					"type": "minecraft:item",
					"name": "minecraft:leather_leggings",
					"functions": [
						{
							"function": "minecraft:set_components",
							"components": {
								"minecraft:custom_data": {
									"smithed": {"dict": {"armor": {"adamantium": true,"leggings": true}},"ignore": {"functionality": true,"crafting": true}},
									"iyc": {"adamantium_leggings": true}
								},
								"minecraft:dyed_color": {
									"rgb": 2511745,
									"show_in_tooltip": false
								},
								"minecraft:max_damage": 511,
								"minecraft:attribute_modifiers": [
									{"type": "generic.armor","amount": 6.2,"operation": "add_value","slot": "legs","id": "iyc:generic.armor.legs"},
									{"type": "generic.armor_toughness","amount": 3,"operation": "add_value","slot": "legs","id": "iyc:generic.armor_toughness.legs"},
									{"type": "generic.knockback_resistance","amount": 0.1,"operation": "add_value","slot": "legs","id": "iyc:generic.knockback_resistance.legs"}
								],
								"minecraft:custom_model_data": 2015006,
								"minecraft:item_name": "{'text': 'Adamantium Leggings', 'italic': false, 'color': 'white'}",
								"minecraft:lore": [
									"{'text': 'ImagineYourCraft', 'italic': true, 'color': 'blue'}"
								]
							}
						}
					]
				}
			]
		}
	]
}

