{
	"pools": [
		{
			"rolls": 1,
			"entries": [
				{
					"type": "minecraft:item",
					"name": "minecraft:netherite_shovel",
					"functions": [
						{
							"function": "minecraft:set_components",
							"components": {
								"minecraft:custom_data": {
									"smithed": {"dict": {"tools": {"adamantium": true,"shovel": true}},"ignore": {"functionality": true,"crafting": true}},
									"iyc": {"adamantium_shovel": true}
								},
								"minecraft:max_damage": 1873,
								"minecraft:attribute_modifiers": [
									{"type": "attack_damage","amount": 6.7,"operation": "add_value","slot": "mainhand","id": "iyc:attack_damage.mainhand"},
									{"type": "attack_speed","amount": -3.0,"operation": "add_value","slot": "mainhand","id": "iyc:attack_speed.mainhand"},
									{"type": "mining_efficiency","amount": 0.2,"operation": "add_value","slot": "mainhand","id": "iyc:mining_efficiency.mainhand"}
								],
								"minecraft:item_model": "iyc:adamantium_shovel",
								"minecraft:item_name": "{'text': 'Adamantium Shovel', 'italic': false, 'color': 'white'}",
								"minecraft:lore": [
									"{'text': 'ImagineYourCraft', 'italic': true, 'color': 'blue'}"
								]
							}
						}
					]
				}
			]
		}
	]
}
