{
	"pools": [
		{
			"rolls": 1,
			"entries": [
				{
					"type": "minecraft:item",
					"name": "minecraft:command_block",
					"functions": [
						{
							"function": "minecraft:set_components",
							"components": {
								"minecraft:item_model": "iyc:blank",
								"minecraft:item_name": "{\"text\": \"Blank\", \"italic\": false, \"color\": \"white\"}",
								"minecraft:lore": [
									"[\"\", {\"text\": \"I\", \"color\": \"white\", \"italic\": false, \"font\": \"iyc:icons\"}, {\"text\": \" ImagineYourCraft\", \"italic\": true, \"color\": \"blue\"}]"
								],
								"minecraft:custom_data": {
									"iyc": {"blank": true},
									"smithed": {"ignore": {"functionality": true,"crafting": true}}
								}
							}
						}
					]
				}
			]
		}
	]
}
