{
	"pools": [
		{
			"rolls": 1,
			"entries": [
				{
					"type": "minecraft:item",
					"name": "minecraft:leather_boots",
					"functions": [
						{
							"function": "minecraft:set_components",
							"components": {
								"minecraft:custom_data": {
									"smithed": {"dict": {"armor": {"emerald": true,"boots": true}},"ignore": {"functionality": true,"crafting": true}},
									"iyc": {"emerald_boots": true}
								},
								"minecraft:dyed_color": {
									"rgb": 2532680,
									"show_in_tooltip": false
								},
								"minecraft:max_damage": 202,
								"minecraft:attribute_modifiers": [
									{"type": "generic.armor","amount": 3,"operation": "add_value","slot": "feet","id": "iyc:generic.armor.feet"},
									{"type": "generic.armor_toughness","amount": 2,"operation": "add_value","slot": "feet","id": "iyc:generic.armor_toughness.feet"},
									{"type": "generic.luck","amount": 0.25,"operation": "add_value","slot": "feet","id": "iyc:generic.luck.feet"}
								],
								"minecraft:custom_model_data": 2015061,
								"minecraft:item_name": "{'text': 'Emerald Boots', 'italic': false, 'color': 'white'}",
								"minecraft:lore": [
									"{'text': 'ImagineYourCraft', 'italic': true, 'color': 'blue'}"
								]
							}
						}
					]
				}
			]
		}
	]
}

