{
	"pools": [
		{
			"rolls": 1,
			"entries": [
				{
					"type": "minecraft:item",
					"name": "minecraft:diamond_hoe",
					"functions": [
						{
							"function": "minecraft:set_components",
							"components": {
								"minecraft:custom_data": {
									"smithed": {"dict": {"tools": {"emerald": true,"hoe": true}},"ignore": {"functionality": true,"crafting": true}},
									"iyc": {"emerald_hoe": true}
								},
								"minecraft:max_damage": 736,
								"minecraft:attribute_modifiers": [
									{"type": "generic.attack_damage","amount": 1,"operation": "add_value","slot": "mainhand","id": "iyc:generic.attack_damage.mainhand"},
									{"type": "generic.attack_speed","amount": 0,"operation": "add_value","slot": "mainhand","id": "iyc:generic.attack_speed.mainhand"},
									{"type": "generic.luck","amount": 0.25,"operation": "add_value","slot": "mainhand","id": "iyc:generic.luck.mainhand"}
								],
								"minecraft:custom_model_data": 2015070,
								"minecraft:item_name": "{'text': 'Emerald Hoe', 'italic': false, 'color': 'white'}",
								"minecraft:lore": [
									"{'text': 'ImagineYourCraft', 'italic': true, 'color': 'blue'}"
								]
							}
						}
					]
				}
			]
		}
	]
}

