{
	"pools": [
		{
			"rolls": 1,
			"entries": [
				{
					"type": "minecraft:item",
					"name": "minecraft:command_block",
					"functions": [
						{
							"function": "minecraft:set_components",
							"components": {
								"minecraft:food": {
									"can_always_eat": true,
									"nutrition": 3,
									"saturation": 0.8,
									"effects": [{"effect": {"id": "minecraft:speed","duration": 600,"amplifier": 0},"probability": 1.0}]
								},
								"minecraft:item_model": "iyc:hot_chocolate",
								"minecraft:item_name": "{'text': 'Hot Chocolate', 'italic': false, 'color': 'white'}",
								"minecraft:lore": [
									"{'text': 'ImagineYourCraft', 'italic': true, 'color': 'blue'}"
								],
								"minecraft:custom_data": {
									"iyc": {"hot_chocolate": true},
									"smithed": {"ignore": {"functionality": true,"crafting": true}}
								}
							}
						}
					]
				}
			]
		}
	]
}
