{
	"pools": [
		{
			"rolls": 1,
			"entries": [
				{
					"type": "minecraft:item",
					"name": "minecraft:furnace",
					"functions": [
						{
							"function": "minecraft:set_components",
							"components": {
								"minecraft:item_model": "iyc:iron_furnace",
								"minecraft:item_name": "{\"text\": \"Iron Furnace\", \"italic\": false, \"color\": \"white\"}",
								"minecraft:lore": [
									"[\"\", {\"text\": \"I\", \"color\": \"white\", \"italic\": false, \"font\": \"iyc:icons\"}, {\"text\": \" ImagineYourCraft\", \"italic\": true, \"color\": \"blue\"}]"
								],
								"minecraft:custom_data": {
									"iyc": {"iron_furnace": true},
									"smithed": {"ignore": {"functionality": true,"crafting": true}}
								},
								"minecraft:container": [
									{"slot": 0,"item": {"id": "minecraft:stone","count": 1,"components": {"minecraft:custom_data": {"smithed": {"block": {"id": "iyc:iron_furnace","from": "iyc"}}}}}}
								]
							}
						}
					]
				}
			]
		}
	]
}
