{
	"pools": [
		{
			"rolls": 1,
			"entries": [
				{
					"type": "minecraft:item",
					"name": "minecraft:command_block",
					"functions": [
						{
							"function": "minecraft:set_components",
							"components": {
								"minecraft:food": {
									"can_always_eat": false,
									"nutrition": 10,
									"saturation": 0.6
								},
								"minecraft:consumable": {
									"on_consume_effects": [{"type": "minecraft:apply_effects","effects": [{"id": "minecraft:regeneration","duration": 600,"amplifier": 0}]}]
								},
								"minecraft:item_model": "iyc:nutella",
								"minecraft:item_name": "{\"text\": \"Nutella\", \"italic\": false, \"color\": \"white\"}",
								"minecraft:lore": [
									"[\"\", {\"text\": \"I\", \"color\": \"white\", \"italic\": false, \"font\": \"iyc:icons\"}, {\"text\": \" ImagineYourCraft\", \"italic\": true, \"color\": \"blue\"}]"
								],
								"minecraft:custom_data": {
									"iyc": {"nutella": true},
									"smithed": {"ignore": {"functionality": true,"crafting": true}}
								}
							}
						}
					]
				}
			]
		}
	]
}
