{
	"pools": [
		{
			"rolls": 1,
			"entries": [
				{
					"type": "minecraft:item",
					"name": "minecraft:command_block",
					"functions": [
						{
							"function": "minecraft:set_components",
							"components": {
								"minecraft:food": {
									"can_always_eat": false,
									"nutrition": 12,
									"saturation": 0.6
								},
								"minecraft:item_model": "iyc:nutella_toast",
								"minecraft:item_name": "{'text': 'Nutella Toast', 'italic': false, 'color': 'white'}",
								"minecraft:lore": [
									"{'text': 'ImagineYourCraft', 'italic': true, 'color': 'blue'}"
								],
								"minecraft:custom_data": {
									"iyc": {"nutella_toast": true},
									"smithed": {"ignore": {"functionality": true,"crafting": true}}
								}
							}
						}
					]
				}
			]
		}
	]
}
