{
	"pools": [
		{
			"rolls": 1,
			"entries": [
				{
					"type": "minecraft:item",
					"name": "minecraft:leather_leggings",
					"functions": [
						{
							"function": "minecraft:set_components",
							"components": {
								"minecraft:custom_data": {
									"smithed": {"dict": {"armor": {"obsidian": true,"leggings": true}},"ignore": {"functionality": true,"crafting": true}},
									"iyc": {"obsidian_leggings": true}
								},
								"minecraft:max_damage": 1237,
								"minecraft:equippable": {
									"slot": "legs",
									"asset_id": "iyc:obsidian"
								},
								"minecraft:attribute_modifiers": [
									{"type": "armor","amount": 6,"operation": "add_value","slot": "legs","id": "iyc:armor.legs"},
									{"type": "armor_toughness","amount": 2,"operation": "add_value","slot": "legs","id": "iyc:armor_toughness.legs"}
								],
								"minecraft:item_model": "iyc:obsidian_leggings",
								"minecraft:item_name": {
									"text": "Obsidian Leggings",
									"italic": false,
									"color": "white"
								},
								"minecraft:lore": [
									["",{"text": "I","color": "white","italic": false,"font": "iyc:icons"},{"text": " ImagineYourCraft","italic": true,"color": "blue"}]
								]
							}
						}
					]
				}
			]
		}
	]
}
