{
	"pools": [
		{
			"rolls": 1,
			"entries": [
				{
					"type": "minecraft:item",
					"name": "minecraft:leather_helmet",
					"functions": [
						{
							"function": "minecraft:set_components",
							"components": {
								"minecraft:custom_data": {
									"smithed": {"dict": {"armor": {"obsidian": true,"helmet": true}},"ignore": {"functionality": true,"crafting": true}},
									"iyc": {"obsidian_helmet": true}
								},
								"minecraft:dyed_color": {
									"rgb": 2168364,
									"show_in_tooltip": false
								},
								"minecraft:max_damage": 907,
								"minecraft:equippable": {
									"slot": "head",
									"model": "iyc:obsidian"
								},
								"minecraft:attribute_modifiers": [
									{"type": "armor","amount": 3,"operation": "add_value","slot": "head","id": "iyc:armor.head"},
									{"type": "armor_toughness","amount": 2,"operation": "add_value","slot": "head","id": "iyc:armor_toughness.head"}
								],
								"minecraft:item_model": "iyc:obsidian_helmet",
								"minecraft:item_name": "{'text': 'Obsidian Helmet', 'italic': false, 'color': 'white'}",
								"minecraft:lore": [
									"{'text': 'ImagineYourCraft', 'italic': true, 'color': 'blue'}"
								]
							}
						}
					]
				}
			]
		}
	]
}
