{
	"pools": [
		{
			"rolls": 1,
			"entries": [
				{
					"type": "minecraft:item",
					"name": "minecraft:command_block",
					"functions": [
						{
							"function": "minecraft:set_components",
							"components": {
								"minecraft:custom_data": {
									"smithed": {"dict": {"ingot": {"obsidian": true}},"ignore": {"functionality": true,"crafting": true}},
									"iyc": {"obsidian_ingot": true}
								},
								"minecraft:item_model": "iyc:obsidian_ingot",
								"minecraft:item_name": {
									"text": "Obsidian Ingot",
									"italic": false,
									"color": "white"
								},
								"minecraft:lore": [
									["",{"text": "I","color": "white","italic": false,"font": "iyc:icons"},{"text": " ImagineYourCraft","italic": true,"color": "blue"}]
								]
							}
						}
					]
				}
			]
		}
	]
}
