{
	"pools": [
		{
			"rolls": 1,
			"entries": [
				{
					"type": "minecraft:item",
					"name": "minecraft:command_block",
					"functions": [
						{
							"function": "minecraft:set_components",
							"components": {
								"minecraft:custom_data": {
									"smithed": {"dict": {"raw": {"steel": true}},"ignore": {"functionality": true,"crafting": true}},
									"iyc": {"raw_steel": true}
								},
								"minecraft:item_model": "iyc:raw_steel",
								"minecraft:item_name": "{\"text\": \"Raw Steel\", \"italic\": false, \"color\": \"white\"}",
								"minecraft:lore": [
									"[\"\", {\"text\": \"I\", \"color\": \"white\", \"italic\": false, \"font\": \"iyc:icons\"}, {\"text\": \" ImagineYourCraft\", \"italic\": true, \"color\": \"blue\"}]"
								]
							}
						}
					]
				}
			]
		}
	]
}
