{
	"pools": [
		{
			"rolls": 1,
			"entries": [
				{
					"type": "minecraft:item",
					"name": "minecraft:command_block",
					"functions": [
						{
							"function": "minecraft:set_components",
							"components": {
								"minecraft:custom_data": {
									"iyc": {"record_15": true},
									"smithed": {"dict": {"record": {"record_15": true}},"ignore": {"functionality": true,"crafting": true}}
								},
								"minecraft:item_name": "{'text':'Music Disc', 'italic': false}",
								"minecraft:jukebox_playable": {
									"song": "iyc:record_15",
									"show_in_tooltip": true
								},
								"minecraft:max_stack_size": 1,
								"minecraft:rarity": "rare",
								"minecraft:custom_model_data": 2015155,
								"minecraft:lore": [
									"{'text': 'ImagineYourCraft', 'italic': true, 'color': 'blue'}"
								]
							}
						}
					]
				}
			]
		}
	]
}

