{
	"pools": [
		{
			"rolls": 1,
			"entries": [
				{
					"type": "minecraft:item",
					"name": "minecraft:snowball",
					"functions": [
						{
							"function": "minecraft:set_components",
							"components": {
								"minecraft:max_stack_size": 99,
								"minecraft:lore": [
									"{'text':'Can be thrown','color':'gray','italic':false}",
									"[\"\", {\"text\": \"I\", \"color\": \"white\", \"italic\": false, \"font\": \"iyc:icons\"}, {\"text\": \" ImagineYourCraft\", \"italic\": true, \"color\": \"blue\"}]"
								],
								"minecraft:item_model": "iyc:rock",
								"minecraft:item_name": "{\"text\": \"Rock\", \"italic\": false, \"color\": \"white\"}",
								"minecraft:custom_data": {
									"iyc": {"rock": true},
									"smithed": {"ignore": {"functionality": true,"crafting": true}}
								}
							}
						}
					]
				}
			]
		}
	]
}
