{
	"pools": [
		{
			"rolls": 1,
			"entries": [
				{
					"type": "minecraft:item",
					"name": "minecraft:leather_helmet",
					"functions": [
						{
							"function": "minecraft:set_components",
							"components": {
								"minecraft:custom_data": {
									"smithed": {"dict": {"armor": {"ruby": true,"helmet": true}},"ignore": {"functionality": true,"crafting": true}},
									"iyc": {"ruby_helmet": true}
								},
								"minecraft:max_damage": 382,
								"minecraft:equippable": {
									"slot": "head",
									"asset_id": "iyc:ruby"
								},
								"minecraft:attribute_modifiers": [
									{"type": "armor","amount": 3.5,"operation": "add_value","slot": "head","id": "iyc:armor.head"},
									{"type": "armor_toughness","amount": 2,"operation": "add_value","slot": "head","id": "iyc:armor_toughness.head"}
								],
								"minecraft:item_model": "iyc:ruby_helmet",
								"minecraft:item_name": {
									"text": "Ruby Helmet",
									"italic": false,
									"color": "white"
								},
								"minecraft:lore": [
									["",{"text": "I","color": "white","italic": false,"font": "iyc:icons"},{"text": " ImagineYourCraft","italic": true,"color": "blue"}]
								]
							}
						}
					]
				}
			]
		}
	]
}
