{
	"pools": [
		{
			"rolls": 1,
			"entries": [
				{
					"type": "minecraft:item",
					"name": "minecraft:diamond_shovel",
					"functions": [
						{
							"function": "minecraft:set_components",
							"components": {
								"minecraft:custom_data": {
									"smithed": {"dict": {"tools": {"ruby": true,"shovel": true}},"ignore": {"functionality": true,"crafting": true}},
									"iyc": {"ruby_shovel": true}
								},
								"minecraft:max_damage": 1647,
								"minecraft:attribute_modifiers": [
									{"type": "attack_damage","amount": 5.0,"operation": "add_value","slot": "mainhand","id": "minecraft:base_attack_damage"},
									{"type": "attack_speed","amount": -3.0,"operation": "add_value","slot": "mainhand","id": "minecraft:base_attack_speed"},
									{"type": "mining_efficiency","amount": 0.1,"operation": "add_value","slot": "mainhand","id": "iyc:mining_efficiency.mainhand"}
								],
								"minecraft:item_model": "iyc:ruby_shovel",
								"minecraft:item_name": {
									"text": "Ruby Shovel",
									"italic": false,
									"color": "white"
								},
								"minecraft:lore": [
									["",{"text": "I","color": "white","italic": false,"font": "iyc:icons"},{"text": " ImagineYourCraft","italic": true,"color": "blue"}]
								]
							}
						}
					]
				}
			]
		}
	]
}
