{
	"pools": [
		{
			"rolls": 1,
			"entries": [
				{
					"type": "minecraft:item",
					"name": "minecraft:diamond_axe",
					"functions": [
						{
							"function": "minecraft:set_components",
							"components": {
								"minecraft:custom_data": {
									"smithed": {"dict": {"tools": {"sapphire": true,"axe": true}},"ignore": {"functionality": true,"crafting": true}},
									"iyc": {"sapphire_axe": true}
								},
								"minecraft:max_damage": 1752,
								"minecraft:attribute_modifiers": [
									{"type": "attack_damage","amount": 8,"operation": "add_value","slot": "mainhand","id": "minecraft:base_attack_damage"},
									{"type": "attack_speed","amount": -3.0,"operation": "add_value","slot": "mainhand","id": "minecraft:base_attack_speed"},
									{"type": "mining_efficiency","amount": 0.2,"operation": "add_value","slot": "mainhand","id": "iyc:mining_efficiency.mainhand"}
								],
								"minecraft:item_model": "iyc:sapphire_axe",
								"minecraft:item_name": "{\"text\": \"Sapphire Axe\", \"italic\": false, \"color\": \"white\"}",
								"minecraft:lore": [
									"[\"\", {\"text\": \"I\", \"color\": \"white\", \"italic\": false, \"font\": \"iyc:icons\"}, {\"text\": \" ImagineYourCraft\", \"italic\": true, \"color\": \"blue\"}]"
								]
							}
						}
					]
				}
			]
		}
	]
}
