{
	"pools": [
		{
			"rolls": 1,
			"entries": [
				{
					"type": "minecraft:item",
					"name": "minecraft:iron_shovel",
					"functions": [
						{
							"function": "minecraft:set_components",
							"components": {
								"minecraft:custom_data": {
									"smithed": {"dict": {"tools": {"steel": true,"shovel": true}},"ignore": {"functionality": true,"crafting": true}},
									"iyc": {"steel_shovel": true}
								},
								"minecraft:max_damage": 444,
								"minecraft:attribute_modifiers": [
									{"type": "attack_damage","amount": 4.5,"operation": "add_value","slot": "mainhand","id": "iyc:attack_damage.mainhand"},
									{"type": "attack_speed","amount": -3.1,"operation": "add_value","slot": "mainhand","id": "iyc:attack_speed.mainhand"},
									{"type": "mining_efficiency","amount": 0.1,"operation": "add_value","slot": "mainhand","id": "iyc:mining_efficiency.mainhand"}
								],
								"minecraft:item_model": "iyc:steel_shovel",
								"minecraft:item_name": "{'text': 'Steel Shovel', 'italic': false, 'color': 'white'}",
								"minecraft:lore": [
									"{'text': 'ImagineYourCraft', 'italic': true, 'color': 'blue'}"
								]
							}
						}
					]
				}
			]
		}
	]
}
