{
	"pools": [
		{
			"rolls": 1,
			"entries": [
				{
					"type": "minecraft:item",
					"name": "minecraft:iron_axe",
					"functions": [
						{
							"function": "minecraft:set_components",
							"components": {
								"minecraft:custom_data": {
									"smithed": {"dict": {"tools": {"steel": true,"axe": true}},"ignore": {"functionality": true,"crafting": true}},
									"iyc": {"steel_axe": true}
								},
								"minecraft:max_damage": 444,
								"minecraft:attribute_modifiers": [
									{"type": "generic.attack_damage","amount": 9,"operation": "add_value","slot": "mainhand","id": "iyc:generic.attack_damage.mainhand"},
									{"type": "generic.attack_speed","amount": -3.1,"operation": "add_value","slot": "mainhand","id": "iyc:generic.attack_speed.mainhand"},
									{"type": "player.mining_efficiency","amount": 0.1,"operation": "add_value","slot": "mainhand","id": "iyc:player.mining_efficiency.mainhand"}
								],
								"minecraft:custom_model_data": 2015081,
								"minecraft:item_name": "{'text': 'Steel Axe', 'italic': false, 'color': 'white'}",
								"minecraft:lore": [
									"{'text': 'ImagineYourCraft', 'italic': true, 'color': 'blue'}"
								]
							}
						}
					]
				}
			]
		}
	]
}
