{
	"pools": [
		{
			"rolls": 1,
			"entries": [
				{
					"type": "minecraft:item",
					"name": "minecraft:command_block",
					"functions": [
						{
							"function": "minecraft:set_components",
							"components": {
								"minecraft:custom_data": {
									"smithed": {"dict": {"stick": {"stone": true}},"ignore": {"functionality": true,"crafting": true}},
									"iyc": {"stone_stick": true}
								},
								"minecraft:custom_model_data": 2015086,
								"minecraft:item_name": "{'text': 'Stone Stick', 'italic': false, 'color': 'white'}",
								"minecraft:lore": [
									"{'text': 'ImagineYourCraft', 'italic': true, 'color': 'blue'}"
								]
							}
						}
					]
				}
			]
		}
	]
}

