{
	"pools": [
		{
			"rolls": 1,
			"entries": [
				{
					"type": "minecraft:item",
					"name": "minecraft:command_block",
					"functions": [
						{
							"function": "minecraft:set_components",
							"components": {
								"minecraft:custom_data": {
									"iyc": {"thedudescraft_gagaoutai": true},
									"smithed": {"dict": {"record": {"thedudescraft_gagaoutai": true}},"ignore": {"functionality": true,"crafting": true}}
								},
								"minecraft:item_name": "{'text':'Music Disc', 'italic': false}",
								"minecraft:jukebox_playable": {
									"song": "iyc:thedudescraft_gagaoutai",
									"show_in_tooltip": true
								},
								"minecraft:max_stack_size": 1,
								"minecraft:rarity": "rare",
								"minecraft:item_model": "iyc:thedudescraft_gagaoutai",
								"minecraft:lore": [
									"[\"\", {\"text\": \"I\", \"color\": \"white\", \"italic\": false, \"font\": \"iyc:icons\"}, {\"text\": \" ImagineYourCraft\", \"italic\": true, \"color\": \"blue\"}]"
								]
							}
						}
					]
				}
			]
		}
	]
}
