{
	"pools": [
		{
			"rolls": 1,
			"entries": [
				{
					"type": "minecraft:item",
					"name": "minecraft:leather_boots",
					"functions": [
						{
							"function": "minecraft:set_components",
							"components": {
								"minecraft:custom_data": {
									"smithed": {"dict": {"armor": {"topaz": true,"boots": true}},"ignore": {"functionality": true,"crafting": true}},
									"iyc": {"topaz_boots": true}
								},
								"minecraft:dyed_color": {
									"rgb": 12153387,
									"show_in_tooltip": false
								},
								"minecraft:max_damage": 352,
								"minecraft:attribute_modifiers": [
									{"type": "generic.armor","amount": 4.0,"operation": "add_value","slot": "feet","id": "iyc:generic.armor.feet"},
									{"type": "generic.armor_toughness","amount": 2,"operation": "add_value","slot": "feet","id": "iyc:generic.armor_toughness.feet"}
								],
								"minecraft:custom_model_data": 2015046,
								"minecraft:item_name": "{'text': 'Topaz Boots', 'italic': false, 'color': 'white'}",
								"minecraft:lore": [
									"{'text': 'ImagineYourCraft', 'italic': true, 'color': 'blue'}"
								]
							}
						}
					]
				}
			]
		}
	]
}

