{
	"pools": [
		{
			"rolls": 1,
			"entries": [
				{
					"type": "minecraft:item",
					"name": "minecraft:diamond_shovel",
					"functions": [
						{
							"function": "minecraft:set_components",
							"components": {
								"minecraft:custom_data": {
									"smithed": {"dict": {"tools": {"topaz": true,"shovel": true}},"ignore": {"functionality": true,"crafting": true}},
									"iyc": {"topaz_shovel": true}
								},
								"minecraft:max_damage": 1281,
								"minecraft:attribute_modifiers": [
									{"type": "generic.attack_damage","amount": 6.5,"operation": "add_value","slot": "mainhand","id": "iyc:generic.attack_damage.mainhand"},
									{"type": "generic.attack_speed","amount": -3.0,"operation": "add_value","slot": "mainhand","id": "iyc:generic.attack_speed.mainhand"}
								],
								"minecraft:custom_model_data": 2015050,
								"minecraft:item_name": "{'text': 'Topaz Shovel', 'italic': false, 'color': 'white'}",
								"minecraft:lore": [
									"{'text': 'ImagineYourCraft', 'italic': true, 'color': 'blue'}"
								]
							}
						}
					]
				}
			]
		}
	]
}
