{
	"pools": [
		{
			"rolls": 1,
			"entries": [
				{
					"type": "minecraft:item",
					"name": "minecraft:leather_boots",
					"functions": [
						{
							"function": "minecraft:set_components",
							"components": {
								"minecraft:custom_data": {
									"smithed": {"dict": {"armor": {"adamantium": true,"boots": true}},"ignore": {"functionality": true,"crafting": true}},
									"iyc": {"adamantium_boots": true}
								},
								"minecraft:dyed_color": {
									"rgb": 2511745,
									"show_in_tooltip": false
								},
								"minecraft:attribute_modifiers": [
									{"type": "generic.armor","uuid": [2,10,11,12],"name": "generic.armor","amount": 3.1,"operation": "add_value","slot": "feet"},
									{"type": "generic.armor_toughness","uuid": [3,10,11,12],"name": "generic.armor_toughness","amount": 3,"operation": "add_value","slot": "feet"},
									{"type": "generic.knockback_resistance","uuid": [4,10,11,12],"name": "generic.knockback_resistance","amount": 0.1,"operation": "add_value","slot": "feet"}
								],
								"minecraft:max_damage": 443,
								"minecraft:item_name": "[{\"text\":\"Adamantium Boots\",\"italic\":false,\"color\":\"white\"}]",
								"minecraft:lore": [
									"[{\"text\":\"ImagineYourCraft\",\"italic\":true,\"color\":\"blue\"}]"
								],
								"minecraft:custom_model_data": 2015006
							}
						}
					]
				}
			]
		}
	]
}

