{
	"pools": [
		{
			"rolls": 1,
			"entries": [
				{
					"type": "minecraft:item",
					"name": "minecraft:leather_helmet",
					"functions": [
						{
							"function": "minecraft:set_components",
							"components": {
								"minecraft:custom_data": {
									"smithed": {"dict": {"armor": {"adamantium": true,"helmet": true}},"ignore": {"functionality": true,"crafting": true}},
									"iyc": {"adamantium_helmet": true}
								},
								"minecraft:dyed_color": {
									"rgb": 2511745,
									"show_in_tooltip": false
								},
								"minecraft:max_damage": 375,
								"minecraft:attribute_modifiers": [
									{"type": "generic.armor","name": "generic.armor","amount": 3.2,"operation": "add_value","slot": "head","uuid": [1,13,14,15]},
									{"type": "generic.armor_toughness","name": "generic.armor_toughness","amount": 3,"operation": "add_value","slot": "head","uuid": [2,13,14,15]},
									{"type": "generic.knockback_resistance","name": "generic.knockback_resistance","amount": 0.1,"operation": "add_value","slot": "head","uuid": [3,13,14,15]}
								],
								"minecraft:custom_model_data": 2015003,
								"minecraft:item_name": "{'text': 'Adamantium Helmet', 'italic': False, 'color': 'white'}",
								"minecraft:lore": [
									"{'text': 'ImagineYourCraft', 'italic': True, 'color': 'blue'}"
								]
							}
						}
					]
				}
			]
		}
	]
}

