{
	"pools": [
		{
			"rolls": 1,
			"entries": [
				{
					"type": "minecraft:item",
					"name": "minecraft:diamond_pickaxe",
					"functions": [
						{
							"function": "minecraft:set_components",
							"components": {
								"minecraft:custom_data": {
									"smithed": {"dict": {"tools": {"adamantium": true,"pickaxe": true}},"ignore": {"functionality": true,"crafting": true}},
									"iyc": {"adamantium_pickaxe": true}
								},
								"minecraft:attribute_modifiers": [
									{"type": "generic.attack_damage","uuid": [0,16,17,18],"name": "generic.attack_damage","amount": 6.2,"operation": "add_value","slot": "mainhand"},
									{"type": "generic.attack_speed","uuid": [1,16,17,18],"name": "generic.attack_speed","amount": -2.75,"operation": "add_value","slot": "mainhand"},
									{"type": "player.mining_efficiency","uuid": [6,16,17,18],"name": "player.mining_efficiency","amount": 0.19999999999999996,"operation": "add_value","slot": "mainhand"}
								],
								"minecraft:max_damage": 1873,
								"minecraft:item_name": "[{\"text\":\"Adamantium Pickaxe\",\"italic\":false,\"color\":\"white\"}]",
								"minecraft:lore": [
									"[{\"text\":\"ImagineYourCraft\",\"italic\":true,\"color\":\"blue\"}]"
								],
								"minecraft:custom_model_data": 2015008
							}
						}
					]
				}
			]
		}
	]
}

