{
	"pools": [
		{
			"rolls": 1,
			"entries": [
				{
					"type": "minecraft:item",
					"name": "minecraft:netherite_hoe",
					"functions": [
						{
							"function": "minecraft:set_components",
							"components": {
								"minecraft:custom_data": {
									"smithed": {"dict": {"tools": {"adamantium": true,"hoe": true}},"ignore": {"functionality": true,"crafting": true}},
									"iyc": {"adamantium_hoe": true}
								},
								"minecraft:max_damage": 1873,
								"minecraft:attribute_modifiers": [
									{"type": "generic.attack_damage","name": "generic.attack_damage","amount": 1.2,"operation": "add_value","slot": "mainhand","uuid": [4,13,14,15]},
									{"type": "generic.attack_speed","name": "generic.attack_speed","amount": 0,"operation": "add_value","slot": "mainhand","uuid": [5,13,14,15]},
									{"type": "player.mining_efficiency","name": "player.mining_efficiency","amount": 0.2,"operation": "add_value","slot": "mainhand","uuid": [6,13,14,15]}
								],
								"minecraft:custom_model_data": 2015011,
								"minecraft:item_name": "{'text': 'Adamantium Hoe', 'italic': false, 'color': 'white'}",
								"minecraft:lore": [
									"{'text': 'ImagineYourCraft', 'italic': true, 'color': 'blue'}"
								]
							}
						}
					]
				}
			]
		}
	]
}

