{
	"pools":[
		{
			"rolls":1,
			"entries":[
				{
					"type":"minecraft:item",
					"name":"minecraft:netherite_pickaxe",
					"functions":[
						{
							"function":"minecraft:set_components",
							"components":{
								"minecraft:custom_data":{
									"smithed":{"dict":{"tools":{"adamantium":true,"pickaxe":true}},"ignore":{"functionality":true,"crafting":true}},
									"iyc":{"adamantium_pickaxe":true}
								},
								"minecraft:max_damage":1873,
								"minecraft:attribute_modifiers":[
									{"type":"generic.attack_damage","name":"generic.attack_damage","amount":6.2,"operation":"add_value","slot":"mainhand","uuid":[4,1,2,3]},
									{"type":"generic.attack_speed","name":"generic.attack_speed","amount":-2.75,"operation":"add_value","slot":"mainhand","uuid":[5,1,2,3]},
									{"type":"player.mining_efficiency","name":"player.mining_efficiency","amount":0.2,"operation":"add_value","slot":"mainhand","uuid":[6,1,2,3]}
								],
								"minecraft:custom_model_data":2015008,
								"minecraft:item_name":"{'translate':'iyc.adamantium_pickaxe', 'italic':false, 'color':'white'}",
								"minecraft:lore":[
									"{'translate':'iyc.imagineyourcraft', 'italic':true, 'color':'blue'}"
								]
							}
						}
					]
				}
			]
		}
	]
}

