{
	"pools": [
		{
			"rolls": 1,
			"entries": [
				{
					"type": "minecraft:item",
					"name": "minecraft:arrow",
					"functions": [
						{
							"function": "minecraft:set_components",
							"components": {
								"minecraft:lore": [
									"{\"text\":\"x1.5 damage arrow\",\"color\":\"gray\",\"italic\":false}",
									"[{\"text\":\"ImagineYourCraft\",\"italic\":true,\"color\":\"blue\"}]"
								],
								"minecraft:custom_data": {
									"iyc": {"bolt": true},
									"smithed": {"ignore": {"functionality": true,"crafting": true}}
								},
								"minecraft:item_name": "[{\"text\":\"Bolt\",\"italic\":false,\"color\":\"white\"}]",
								"minecraft:custom_model_data": 2015093
							}
						}
					]
				}
			]
		}
	]
}

