{
	"pools":[
		{
			"rolls":1,
			"entries":[
				{
					"type":"minecraft:item",
					"name":"minecraft:diamond_pickaxe",
					"functions":[
						{
							"function":"minecraft:set_components",
							"components":{
								"minecraft:custom_data":{
									"smithed":{"dict":{"tools":{"emerald":true,"pickaxe":true}},"ignore":{"functionality":true,"crafting":true}},
									"iyc":{"emerald_pickaxe":true}
								},
								"minecraft:max_damage":736,
								"minecraft:attribute_modifiers":[
									{"type":"generic.attack_damage","name":"generic.attack_damage","amount":5,"operation":"add_value","slot":"mainhand","uuid":[4,1,2,3]},
									{"type":"generic.attack_speed","name":"generic.attack_speed","amount":-2.75,"operation":"add_value","slot":"mainhand","uuid":[5,1,2,3]},
									{"type":"generic.luck","name":"generic.luck","amount":0.25,"operation":"add_value","slot":"mainhand","uuid":[7,1,2,3]}
								],
								"minecraft:custom_model_data":2015063,
								"minecraft:item_name":"{'translate':'iyc.emerald_pickaxe', 'italic':false, 'color':'white'}",
								"minecraft:lore":[
									"{'translate':'iyc.imagineyourcraft', 'italic':true, 'color':'blue'}"
								]
							}
						}
					]
				}
			]
		}
	]
}

