{
	"pools": [
		{
			"rolls": 1,
			"entries": [
				{
					"type": "minecraft:item",
					"name": "minecraft:leather_leggings",
					"functions": [
						{
							"function": "minecraft:set_components",
							"components": {
								"minecraft:custom_data": {
									"smithed": {"dict": {"armor": {"emerald": true,"leggings": true}},"ignore": {"functionality": true,"crafting": true}},
									"iyc": {"emerald_leggings": true}
								},
								"minecraft:dyed_color": {
									"rgb": 2532680,
									"show_in_tooltip": false
								},
								"minecraft:max_damage": 233,
								"minecraft:attribute_modifiers": [
									{"type": "generic.armor","name": "generic.armor","amount": 6,"operation": "add_value","slot": "legs","uuid": [1,10,11,12]},
									{"type": "generic.armor_toughness","name": "generic.armor_toughness","amount": 2,"operation": "add_value","slot": "legs","uuid": [2,10,11,12]},
									{"type": "generic.luck","name": "generic.luck","amount": 0.25,"operation": "add_value","slot": "legs","uuid": [7,10,11,12]}
								],
								"minecraft:custom_model_data": 2015060,
								"minecraft:item_name": "{'text': 'Emerald Leggings', 'italic': False, 'color': 'white'}",
								"minecraft:lore": [
									"{'text': 'ImagineYourCraft', 'italic': True, 'color': 'blue'}"
								]
							}
						}
					]
				}
			]
		}
	]
}

