{
	"pools":[
		{
			"rolls":1,
			"entries":[
				{
					"type":"minecraft:item",
					"name":"minecraft:diamond_axe",
					"functions":[
						{
							"function":"minecraft:set_components",
							"components":{
								"minecraft:custom_data":{
									"smithed":{"dict":{"tools":{"emerald":true,"axe":true}},"ignore":{"functionality":true,"crafting":true}},
									"iyc":{"emerald_axe":true}
								},
								"minecraft:max_damage":736,
								"minecraft:attribute_modifiers":[
									{"type":"generic.attack_damage","name":"generic.attack_damage","amount":9,"operation":"add_value","slot":"mainhand","uuid":[4,13,14,15]},
									{"type":"generic.attack_speed","name":"generic.attack_speed","amount":-3.0,"operation":"add_value","slot":"mainhand","uuid":[5,13,14,15]},
									{"type":"generic.luck","name":"generic.luck","amount":0.25,"operation":"add_value","slot":"mainhand","uuid":[7,13,14,15]}
								],
								"minecraft:custom_model_data":2015064,
								"minecraft:item_name":"{'translate':'iyc.emerald_axe', 'italic':false, 'color':'white'}",
								"minecraft:lore":[
									"{'translate':'iyc.imagineyourcraft', 'italic':true, 'color':'blue'}"
								]
							}
						}
					]
				}
			]
		}
	]
}

