{
	"pools": [
		{
			"rolls": 1,
			"entries": [
				{
					"type": "minecraft:item",
					"name": "minecraft:leather_boots",
					"functions": [
						{
							"function": "minecraft:set_components",
							"components": {
								"minecraft:custom_data": {
									"smithed": {"dict": {"armor": {"emerald": true,"boots": true}},"ignore": {"functionality": true,"crafting": true}},
									"iyc": {"emerald_boots": true}
								},
								"minecraft:dyed_color": {
									"rgb": 2532680,
									"show_in_tooltip": false
								},
								"minecraft:attribute_modifiers": [
									{"type": "generic.armor","uuid": [2,10,11,12],"name": "generic.armor","amount": 3.0,"operation": "add_value","slot": "feet"},
									{"type": "generic.armor_toughness","uuid": [3,10,11,12],"name": "generic.armor_toughness","amount": 2,"operation": "add_value","slot": "feet"},
									{"type": "generic.luck","uuid": [5,10,11,12],"name": "generic.luck","amount": 0.25,"operation": "add_value","slot": "feet"}
								],
								"minecraft:max_damage": 202,
								"minecraft:item_name": "[{\"text\":\"Emerald Boots\",\"italic\":false,\"color\":\"white\"}]",
								"minecraft:lore": [
									"[{\"text\":\"ImagineYourCraft\",\"italic\":true,\"color\":\"blue\"}]"
								],
								"minecraft:custom_model_data": 2015062
							}
						}
					]
				}
			]
		}
	]
}

