{
	"pools": [
		{
			"rolls": 1,
			"entries": [
				{
					"type": "minecraft:item",
					"name": "minecraft:furnace",
					"functions": [
						{
							"function": "minecraft:set_components",
							"components": {
								"minecraft:custom_data": {
									"iyc": {"jungle_wood_lantern": true},
									"smithed": {"ignore": {"functionality": true,"crafting": true}}
								},
								"minecraft:item_name": "[{\"translate\":\"iyc.jungle_wood_lantern\",\"italic\":false,\"color\":\"white\"}]",
								"minecraft:lore": [
									"[{\"translate\":\"iyc.imagineyourcraft\",\"italic\":true,\"color\":\"blue\"}]"
								],
								"minecraft:custom_model_data": 2015102,
								"minecraft:container": [
									{"slot": 0,"item": {"id": "minecraft:stone","count": 1,"components": {"minecraft:custom_data": {"smithed": {"block": {"id": "iyc:jungle_wood_lantern","from": "iyc"}}}}}}
								]
							}
						}
					]
				}
			]
		}
	]
}

