{
	"pools":[
		{
			"rolls":1,
			"entries":[
				{
					"type":"minecraft:item",
					"name":"minecraft:diamond_axe",
					"functions":[
						{
							"function":"minecraft:set_components",
							"components":{
								"minecraft:custom_data":{
									"smithed":{"dict":{"tools":{"obsidian":true,"axe":true}},"ignore":{"functionality":true,"crafting":true}},
									"iyc":{"obsidian_axe":true}
								},
								"minecraft:max_damage":3902,
								"minecraft:attribute_modifiers":[
									{"type":"generic.attack_damage","name":"generic.attack_damage","amount":8.8,"operation":"add_value","slot":"mainhand","uuid":[4,13,14,15]},
									{"type":"generic.attack_speed","name":"generic.attack_speed","amount":-3.0,"operation":"add_value","slot":"mainhand","uuid":[5,13,14,15]},
									{"type":"player.mining_efficiency","name":"player.mining_efficiency","amount":-0.2,"operation":"add_value","slot":"mainhand","uuid":[6,13,14,15]}
								],
								"minecraft:custom_model_data":2015055,
								"minecraft:item_name":"{'translate':'iyc.obsidian_axe', 'italic':false, 'color':'white'}",
								"minecraft:lore":[
									"{'translate':'iyc.imagineyourcraft', 'italic':true, 'color':'blue'}"
								]
							}
						}
					]
				}
			]
		}
	]
}

