{
	"pools": [
		{
			"rolls": 1,
			"entries": [
				{
					"type": "minecraft:item",
					"name": "minecraft:leather_chestplate",
					"functions": [
						{
							"function": "minecraft:set_components",
							"components": {
								"minecraft:custom_data": {
									"smithed": {"dict": {"armor": {"obsidian": true,"chestplate": true}},"ignore": {"functionality": true,"crafting": true}},
									"iyc": {"obsidian_chestplate": true}
								},
								"minecraft:dyed_color": {
									"rgb": 2168364,
									"show_in_tooltip": false
								},
								"minecraft:max_damage": 1319,
								"minecraft:attribute_modifiers": [
									{"type": "generic.armor","name": "generic.armor","amount": 8,"operation": "add_value","slot": "chest","uuid": [1,4,5,6]},
									{"type": "generic.armor_toughness","name": "generic.armor_toughness","amount": 2,"operation": "add_value","slot": "chest","uuid": [2,4,5,6]}
								],
								"minecraft:custom_model_data": 2015050,
								"minecraft:item_name": "{'text': 'Obsidian Chestplate', 'italic': false, 'color': 'white'}",
								"minecraft:lore": [
									"{'text': 'ImagineYourCraft', 'italic': true, 'color': 'blue'}"
								]
							}
						}
					]
				}
			]
		}
	]
}

