{
	"pools":[
		{
			"rolls":1,
			"entries":[
				{
					"type":"minecraft:item",
					"name":"minecraft:leather_helmet",
					"functions":[
						{
							"function":"minecraft:set_components",
							"components":{
								"minecraft:custom_data":{
									"smithed":{"dict":{"armor":{"obsidian":true,"helmet":true}},"ignore":{"functionality":true,"crafting":true}},
									"iyc":{"obsidian_helmet":true}
								},
								"minecraft:dyed_color":{
									"rgb":2168364,
									"show_in_tooltip":false
								},
								"minecraft:max_damage":907,
								"minecraft:attribute_modifiers":[
									{"type":"generic.armor","name":"generic.armor","amount":3,"operation":"add_value","slot":"head","uuid":[1,13,14,15]},
									{"type":"generic.armor_toughness","name":"generic.armor_toughness","amount":2,"operation":"add_value","slot":"head","uuid":[2,13,14,15]}
								],
								"minecraft:custom_model_data":2015049,
								"minecraft:item_name":"{'translate':'iyc.obsidian_helmet', 'italic':false, 'color':'white'}",
								"minecraft:lore":[
									"{'translate':'iyc.imagineyourcraft', 'italic':true, 'color':'blue'}"
								]
							}
						}
					]
				}
			]
		}
	]
}

