{
	"pools": [
		{
			"rolls": 1,
			"entries": [
				{
					"type": "minecraft:item",
					"name": "minecraft:leather_boots",
					"functions": [
						{
							"function": "minecraft:set_components",
							"components": {
								"minecraft:custom_data": {
									"smithed": {"dict": {"armor": {"ruby": true,"boots": true}},"ignore": {"functionality": true,"crafting": true}},
									"iyc": {"ruby_boots": true}
								},
								"minecraft:dyed_color": {
									"rgb": 9571615,
									"show_in_tooltip": false
								},
								"minecraft:max_damage": 452,
								"minecraft:attribute_modifiers": [
									{"type": "generic.armor","name": "generic.armor","amount": 3.5,"operation": "add_value","slot": "feet","uuid": [1,10,11,12]},
									{"type": "generic.armor_toughness","name": "generic.armor_toughness","amount": 2,"operation": "add_value","slot": "feet","uuid": [2,10,11,12]}
								],
								"minecraft:custom_model_data": 2015030,
								"minecraft:item_name": "{'text': 'Ruby Boots', 'italic': false, 'color': 'white'}",
								"minecraft:lore": [
									"{'text': 'ImagineYourCraft', 'italic': true, 'color': 'blue'}"
								]
							}
						}
					]
				}
			]
		}
	]
}

