{
	"pools":[
		{
			"rolls":1,
			"entries":[
				{
					"type":"minecraft:item",
					"name":"minecraft:leather_leggings",
					"functions":[
						{
							"function":"minecraft:set_components",
							"components":{
								"minecraft:custom_data":{
									"smithed":{"dict":{"armor":{"ruby":true,"leggings":true}},"ignore":{"functionality":true,"crafting":true}},
									"iyc":{"ruby_leggings":true}
								},
								"minecraft:dyed_color":{
									"rgb":9571615,
									"show_in_tooltip":false
								},
								"minecraft:max_damage":522,
								"minecraft:attribute_modifiers":[
									{"type":"generic.armor","name":"generic.armor","amount":6.5,"operation":"add_value","slot":"legs","uuid":[1,4,5,6]},
									{"type":"generic.armor_toughness","name":"generic.armor_toughness","amount":2,"operation":"add_value","slot":"legs","uuid":[2,4,5,6]}
								],
								"minecraft:custom_model_data":2015029,
								"minecraft:item_name":"{'translate':'iyc.ruby_leggings', 'italic':false, 'color':'white'}",
								"minecraft:lore":[
									"{'translate':'iyc.imagineyourcraft', 'italic':true, 'color':'blue'}"
								]
							}
						}
					]
				}
			]
		}
	]
}

