{
	"pools":[
		{
			"rolls":1,
			"entries":[
				{
					"type":"minecraft:item",
					"name":"minecraft:diamond_hoe",
					"functions":[
						{
							"function":"minecraft:set_components",
							"components":{
								"minecraft:custom_data":{
									"smithed":{"dict":{"tools":{"sapphire":true,"hoe":true}},"ignore":{"functionality":true,"crafting":true}},
									"iyc":{"sapphire_hoe":true}
								},
								"minecraft:max_damage":1752,
								"minecraft:attribute_modifiers":[
									{"type":"generic.attack_damage","name":"generic.attack_damage","amount":1,"operation":"add_value","slot":"mainhand","uuid":[4,1,2,3]},
									{"type":"generic.attack_speed","name":"generic.attack_speed","amount":0,"operation":"add_value","slot":"mainhand","uuid":[5,1,2,3]},
									{"type":"player.mining_efficiency","name":"player.mining_efficiency","amount":0.2,"operation":"add_value","slot":"mainhand","uuid":[6,1,2,3]}
								],
								"minecraft:custom_model_data":2015023,
								"minecraft:item_name":"{'translate':'iyc.sapphire_hoe', 'italic':false, 'color':'white'}",
								"minecraft:lore":[
									"{'translate':'iyc.imagineyourcraft', 'italic':true, 'color':'blue'}"
								]
							}
						}
					]
				}
			]
		}
	]
}

