{
	"pools": [
		{
			"rolls": 1,
			"entries": [
				{
					"type": "minecraft:item",
					"name": "minecraft:leather_helmet",
					"functions": [
						{
							"function": "minecraft:set_components",
							"components": {
								"minecraft:custom_data": {
									"smithed": {"dict": {"armor": {"sapphire": true,"helmet": true}},"ignore": {"functionality": true,"crafting": true}},
									"iyc": {"sapphire_helmet": true}
								},
								"minecraft:dyed_color": {
									"rgb": 2887831,
									"show_in_tooltip": false
								},
								"minecraft:max_damage": 407,
								"minecraft:attribute_modifiers": [
									{"type": "generic.armor","name": "generic.armor","amount": 3,"operation": "add_value","slot": "head","uuid": [1,1,2,3]},
									{"type": "generic.armor_toughness","name": "generic.armor_toughness","amount": 2,"operation": "add_value","slot": "head","uuid": [2,1,2,3]}
								],
								"minecraft:custom_model_data": 2015015,
								"minecraft:item_name": "{'text': 'Sapphire Helmet', 'italic': false, 'color': 'white'}",
								"minecraft:lore": [
									"{'text': 'ImagineYourCraft', 'italic': true, 'color': 'blue'}"
								]
							}
						}
					]
				}
			]
		}
	]
}

