{
	"pools":[
		{
			"rolls":1,
			"entries":[
				{
					"type":"minecraft:item",
					"name":"minecraft:leather_chestplate",
					"functions":[
						{
							"function":"minecraft:set_components",
							"components":{
								"minecraft:custom_data":{
									"smithed":{"dict":{"armor":{"sapphire":true,"chestplate":true}},"ignore":{"functionality":true,"crafting":true}},
									"iyc":{"sapphire_chestplate":true}
								},
								"minecraft:dyed_color":{
									"rgb":2887831,
									"show_in_tooltip":false
								},
								"minecraft:max_damage":592,
								"minecraft:attribute_modifiers":[
									{"type":"generic.armor","name":"generic.armor","amount":8,"operation":"add_value","slot":"chest","uuid":[1,4,5,6]},
									{"type":"generic.armor_toughness","name":"generic.armor_toughness","amount":2,"operation":"add_value","slot":"chest","uuid":[2,4,5,6]}
								],
								"minecraft:custom_model_data":2015016,
								"minecraft:item_name":"{'translate':'iyc.sapphire_chestplate', 'italic':false, 'color':'white'}",
								"minecraft:lore":[
									"{'translate':'iyc.imagineyourcraft', 'italic':true, 'color':'blue'}"
								]
							}
						}
					]
				}
			]
		}
	]
}

