{
	"pools": [
		{
			"rolls": 1,
			"entries": [
				{
					"type": "minecraft:item",
					"name": "minecraft:diamond_pickaxe",
					"functions": [
						{
							"function": "minecraft:set_components",
							"components": {
								"minecraft:custom_data": {
									"smithed": {"dict": {"tools": {"sapphire": true,"pickaxe": true}},"ignore": {"functionality": true,"crafting": true}},
									"iyc": {"sapphire_pickaxe": true}
								},
								"minecraft:max_damage": 1752,
								"minecraft:attribute_modifiers": [
									{"type": "generic.attack_damage","name": "generic.attack_damage","amount": 5,"operation": "add_value","slot": "mainhand","uuid": [4,7,8,9]},
									{"type": "generic.attack_speed","name": "generic.attack_speed","amount": -2.75,"operation": "add_value","slot": "mainhand","uuid": [5,7,8,9]},
									{"type": "player.mining_efficiency","name": "player.mining_efficiency","amount": 0.2,"operation": "add_value","slot": "mainhand","uuid": [6,7,8,9]}
								],
								"minecraft:custom_model_data": 2015020,
								"minecraft:item_name": "{'text': 'Sapphire Pickaxe', 'italic': False, 'color': 'white'}",
								"minecraft:lore": [
									"{'text': 'ImagineYourCraft', 'italic': True, 'color': 'blue'}"
								]
							}
						}
					]
				}
			]
		}
	]
}

