{
	"pools": [
		{
			"rolls": 1,
			"entries": [
				{
					"type": "minecraft:item",
					"name": "minecraft:leather_helmet",
					"functions": [
						{
							"function": "minecraft:set_components",
							"components": {
								"minecraft:custom_data": {
									"smithed": {"dict": {"armor": {"sapphire": true,"helmet": true}},"ignore": {"functionality": true,"crafting": true}},
									"iyc": {"sapphire_helmet": true}
								},
								"minecraft:dyed_color": {
									"rgb": 2887831,
									"show_in_tooltip": false
								},
								"minecraft:attribute_modifiers": [
									{"type": "generic.armor","uuid": [2,1,2,3],"name": "generic.armor","amount": 3.0,"operation": "add_value","slot": "head"},
									{"type": "generic.armor_toughness","uuid": [3,1,2,3],"name": "generic.armor_toughness","amount": 2,"operation": "add_value","slot": "head"}
								],
								"minecraft:max_damage": 407,
								"minecraft:item_name": "[{\"translate\":\"iyc.sapphire_helmet\",\"italic\":false,\"color\":\"white\"}]",
								"minecraft:lore": [
									"[{\"translate\":\"iyc.imagineyourcraft\",\"italic\":true,\"color\":\"blue\"}]"
								],
								"minecraft:custom_model_data": 2015015
							}
						}
					]
				}
			]
		}
	]
}

