{
	"pools":[
		{
			"rolls":1,
			"entries":[
				{
					"type":"minecraft:item",
					"name":"minecraft:command_block",
					"functions":[
						{
							"function":"minecraft:set_components",
							"components":{
								"minecraft:custom_data":{
									"smithed":{"dict":{"stick":{"steel":true}},"ignore":{"functionality":true,"crafting":true}},
									"iyc":{"steel_stick":true}
								},
								"minecraft:custom_model_data":2015070,
								"minecraft:item_name":"{'translate':'iyc.steel_stick', 'italic':false, 'color':'white'}",
								"minecraft:lore":[
									"{'translate':'iyc.imagineyourcraft', 'italic':true, 'color':'blue'}"
								]
							}
						}
					]
				}
			]
		}
	]
}

