{
	"pools": [
		{
			"rolls": 1,
			"entries": [
				{
					"type": "minecraft:item",
					"name": "minecraft:command_block",
					"functions": [
						{
							"function": "minecraft:set_components",
							"components": {
								"minecraft:custom_data": {
									"smithed": {"dict": {"ingot": {"steel": true}},"ignore": {"functionality": true,"crafting": true}},
									"iyc": {"steel_ingot": true}
								},
								"minecraft:item_name": "[{\"text\":\"Steel Ingot\",\"italic\":false,\"color\":\"white\"}]",
								"minecraft:lore": [
									"[{\"text\":\"ImagineYourCraft\",\"italic\":true,\"color\":\"blue\"}]"
								],
								"minecraft:custom_model_data": 2015070
							}
						}
					]
				}
			]
		}
	]
}

