{
	"pools":[
		{
			"rolls":1,
			"entries":[
				{
					"type":"minecraft:item",
					"name":"minecraft:iron_hoe",
					"functions":[
						{
							"function":"minecraft:set_components",
							"components":{
								"minecraft:custom_data":{
									"smithed":{"dict":{"tools":{"steel":true,"hoe":true}},"ignore":{"functionality":true,"crafting":true}},
									"iyc":{"steel_hoe":true}
								},
								"minecraft:max_damage":444,
								"minecraft:attribute_modifiers":[
									{"type":"generic.attack_damage","name":"generic.attack_damage","amount":1,"operation":"add_value","slot":"mainhand","uuid":[4,13,14,15]},
									{"type":"generic.attack_speed","name":"generic.attack_speed","amount":-1.0,"operation":"add_value","slot":"mainhand","uuid":[5,13,14,15]},
									{"type":"player.mining_efficiency","name":"player.mining_efficiency","amount":0.1,"operation":"add_value","slot":"mainhand","uuid":[6,13,14,15]}
								],
								"minecraft:custom_model_data":2015079,
								"minecraft:item_name":"{'translate':'iyc.steel_hoe', 'italic':false, 'color':'white'}",
								"minecraft:lore":[
									"{'translate':'iyc.imagineyourcraft', 'italic':true, 'color':'blue'}"
								]
							}
						}
					]
				}
			]
		}
	]
}

