{
	"pools": [
		{
			"rolls": 1,
			"entries": [
				{
					"type": "minecraft:item",
					"name": "minecraft:leather_boots",
					"functions": [
						{
							"function": "minecraft:set_components",
							"components": {
								"minecraft:custom_data": {
									"smithed": {"dict": {"armor": {"steel": true,"boots": true}},"ignore": {"functionality": true,"crafting": true}},
									"iyc": {"steel_boots": true}
								},
								"minecraft:dyed_color": {
									"rgb": 5460819,
									"show_in_tooltip": false
								},
								"minecraft:attribute_modifiers": [
									{"type": "generic.armor","uuid": [2,10,11,12],"name": "generic.armor","amount": 2.4,"operation": "add_value","slot": "feet"},
									{"type": "generic.armor_toughness","uuid": [3,10,11,12],"name": "generic.armor_toughness","amount": 2,"operation": "add_value","slot": "feet"}
								],
								"minecraft:max_damage": 122,
								"minecraft:item_name": "[{\"translate\":\"iyc.steel_boots\",\"italic\":false,\"color\":\"white\"}]",
								"minecraft:lore": [
									"[{\"translate\":\"iyc.imagineyourcraft\",\"italic\":true,\"color\":\"blue\"}]"
								],
								"minecraft:custom_model_data": 2015074
							}
						}
					]
				}
			]
		}
	]
}

