{
	"pools":[
		{
			"rolls":1,
			"entries":[
				{
					"type":"minecraft:item",
					"name":"minecraft:leather_boots",
					"functions":[
						{
							"function":"minecraft:set_components",
							"components":{
								"minecraft:custom_data":{
									"smithed":{"dict":{"armor":{"steel":true,"boots":true}},"ignore":{"functionality":true,"crafting":true}},
									"iyc":{"steel_boots":true}
								},
								"minecraft:dyed_color":{
									"rgb":5460819,
									"show_in_tooltip":false
								},
								"minecraft:max_damage":346,
								"minecraft:attribute_modifiers":[
									{"type":"generic.armor","name":"generic.armor","amount":2,"operation":"add_value","slot":"feet","uuid":[1,10,11,12]}
								],
								"minecraft:custom_model_data":2015074,
								"minecraft:item_name":"{'translate':'iyc.steel_boots', 'italic':false, 'color':'white'}",
								"minecraft:lore":[
									"{'translate':'iyc.imagineyourcraft', 'italic':true, 'color':'blue'}"
								]
							}
						}
					]
				}
			]
		}
	]
}

