{
	"pools": [
		{
			"rolls": 1,
			"entries": [
				{
					"type": "minecraft:item",
					"name": "minecraft:command_block",
					"functions": [
						{
							"function": "minecraft:set_components",
							"components": {
								"minecraft:custom_data": {
									"smithed": {"dict": {"stick": {"stone": true}},"ignore": {"functionality": true,"crafting": true}},
									"iyc": {"stone_stick": true}
								},
								"minecraft:item_name": "[{\"translate\":\"iyc.stone_stick\",\"italic\":false,\"color\":\"white\"}]",
								"minecraft:lore": [
									"[{\"translate\":\"iyc.imagineyourcraft\",\"italic\":true,\"color\":\"blue\"}]"
								],
								"minecraft:custom_model_data": 2015087
							}
						}
					]
				}
			]
		}
	]
}

