{
	"pools":[
		{
			"rolls":1,
			"entries":[
				{
					"type":"minecraft:item",
					"name":"minecraft:diamond_pickaxe",
					"functions":[
						{
							"function":"minecraft:set_components",
							"components":{
								"minecraft:custom_data":{
									"smithed":{"dict":{"tools":{"topaz":true,"pickaxe":true}},"ignore":{"functionality":true,"crafting":true}},
									"iyc":{"topaz_pickaxe":true}
								},
								"minecraft:max_damage":1281,
								"minecraft:attribute_modifiers":[
									{"type":"generic.attack_damage","name":"generic.attack_damage","amount":6.0,"operation":"add_value","slot":"mainhand","uuid":[4,13,14,15]},
									{"type":"generic.attack_speed","name":"generic.attack_speed","amount":-2.75,"operation":"add_value","slot":"mainhand","uuid":[5,13,14,15]}
								],
								"minecraft:custom_model_data":2015044,
								"minecraft:item_name":"{'translate':'iyc.topaz_pickaxe', 'italic':false, 'color':'white'}",
								"minecraft:lore":[
									"{'translate':'iyc.imagineyourcraft', 'italic':true, 'color':'blue'}"
								]
							}
						}
					]
				}
			]
		}
	]
}

