{
	"pools":[
		{
			"rolls":1,
			"entries":[
				{
					"type":"minecraft:item",
					"name":"minecraft:diamond_sword",
					"functions":[
						{
							"function":"minecraft:set_components",
							"components":{
								"minecraft:custom_data":{
									"smithed":{"dict":{"tools":{"topaz":true,"sword":true}},"ignore":{"functionality":true,"crafting":true}},
									"iyc":{"topaz_sword":true}
								},
								"minecraft:max_damage":1281,
								"minecraft:attribute_modifiers":[
									{"type":"generic.attack_damage","name":"generic.attack_damage","amount":8.0,"operation":"add_value","slot":"mainhand","uuid":[4,1,2,3]},
									{"type":"generic.attack_speed","name":"generic.attack_speed","amount":-2.5,"operation":"add_value","slot":"mainhand","uuid":[5,1,2,3]}
								],
								"minecraft:custom_model_data":2015043,
								"minecraft:item_name":"{'translate':'iyc.topaz_sword', 'italic':false, 'color':'white'}",
								"minecraft:lore":[
									"{'translate':'iyc.imagineyourcraft', 'italic':true, 'color':'blue'}"
								]
							}
						}
					]
				}
			]
		}
	]
}

