{
	"pools":[
		{
			"rolls":1,
			"entries":[
				{
					"type":"minecraft:item",
					"name":"minecraft:furnace",
					"functions":[
						{
							"function":"minecraft:set_components",
							"components":{
								"minecraft:custom_data":{
									"smithed":{"dict":{"block":{"topaz":true},"ore":{"topaz":true}},"ignore":{"functionality":true,"crafting":true}},
									"iyc":{"topaz_ore":true}
								},
								"minecraft:custom_model_data":2015037,
								"minecraft:item_name":"{'translate':'iyc.topaz_ore', 'italic':false, 'color':'white'}",
								"minecraft:lore":[
									"{'translate':'iyc.imagineyourcraft', 'italic':true, 'color':'blue'}"
								],
								"minecraft:container":[
									{"slot":0,"item":{"id":"minecraft:stone","count":1,"components":{"minecraft:custom_data":{"smithed":{"block":{"id":"iyc:topaz_ore","from":"iyc"}}}}}}
								]
							}
						}
					]
				}
			]
		}
	]
}

