{
	"pools": [
		{
			"rolls": 1,
			"entries": [
				{
					"type": "minecraft:item",
					"name": "minecraft:diamond_axe",
					"functions": [
						{
							"function": "minecraft:set_components",
							"components": {
								"minecraft:custom_data": {
									"smithed": {"dict": {"tools": {"topaz": true,"axe": true}},"ignore": {"functionality": true,"crafting": true}},
									"iyc": {"topaz_axe": true}
								},
								"minecraft:max_damage": 1281,
								"minecraft:attribute_modifiers": [
									{"type": "generic.attack_damage","name": "generic.attack_damage","amount": 10.0,"operation": "add_value","slot": "mainhand","uuid": [4,13,14,15]},
									{"type": "generic.attack_speed","name": "generic.attack_speed","amount": -3.0,"operation": "add_value","slot": "mainhand","uuid": [5,13,14,15]}
								],
								"minecraft:custom_model_data": 2015045,
								"minecraft:item_name": "{'text': 'Topaz Axe', 'italic': false, 'color': 'white'}",
								"minecraft:lore": [
									"{'text': 'ImagineYourCraft', 'italic': true, 'color': 'blue'}"
								]
							}
						}
					]
				}
			]
		}
	]
}

