{
	"pools":[
		{
			"rolls":1,
			"entries":[
				{
					"type":"minecraft:item",
					"name":"minecraft:item_frame",
					"functions":[
						{
							"function":"minecraft:set_components",
							"components":{
								"minecraft:custom_model_data":2015111,
								"minecraft:item_name":"{'translate':'iyc.white_flower', 'italic':false, 'color':'white'}",
								"minecraft:lore":[
									"{'translate':'iyc.imagineyourcraft', 'italic':true, 'color':'blue'}"
								],
								"minecraft:custom_data":{
									"iyc":{"white_flower":true},
									"smithed":{"ignore":{"functionality":true,"crafting":true}}
								}
							}
						}
					]
				}
			]
		}
	]
}

