{
  "providers": [
    {
      "type": "bitmap",
      "file": "iyc:font/category/material_1.png",
      "ascent": 0,
      "height": 130,
      "chars": [
        "\u1023"
      ]
    },
    {
      "type": "bitmap",
      "file": "iyc:font/high_res/adamantium_block.png",
      "ascent": 7,
      "height": 16,
      "chars": [
        "\u8021"
      ]
    },
    {
      "type": "bitmap",
      "file": "iyc:font/high_res/adamantium_ore.png",
      "ascent": 7,
      "height": 16,
      "chars": [
        "\u8023"
      ]
    },
    {
      "type": "bitmap",
      "file": "iyc:font/high_res/deepslate_adamantium_ore.png",
      "ascent": 7,
      "height": 16,
      "chars": [
        "\u8025"
      ]
    },
    {
      "type": "bitmap",
      "file": "iyc:font/high_res/adamantium_fragment.png",
      "ascent": 7,
      "height": 16,
      "chars": [
        "\u8027"
      ]
    },
    {
      "type": "bitmap",
      "file": "iyc:font/high_res/sapphire_block.png",
      "ascent": 7,
      "height": 16,
      "chars": [
        "\u8029"
      ]
    },
    {
      "type": "bitmap",
      "file": "iyc:font/high_res/sapphire_ore.png",
      "ascent": 7,
      "height": 16,
      "chars": [
        "\u802b"
      ]
    },
    {
      "type": "bitmap",
      "file": "iyc:font/high_res/deepslate_sapphire_ore.png",
      "ascent": 7,
      "height": 16,
      "chars": [
        "\u802d"
      ]
    },
    {
      "type": "bitmap",
      "file": "iyc:font/high_res/sapphire.png",
      "ascent": 7,
      "height": 16,
      "chars": [
        "\u802f"
      ]
    },
    {
      "type": "bitmap",
      "file": "iyc:font/high_res/ruby_block.png",
      "ascent": 7,
      "height": 16,
      "chars": [
        "\u8031"
      ]
    },
    {
      "type": "bitmap",
      "file": "iyc:font/high_res/ruby_ore.png",
      "ascent": 7,
      "height": 16,
      "chars": [
        "\u8033"
      ]
    },
    {
      "type": "bitmap",
      "file": "iyc:font/high_res/deepslate_ruby_ore.png",
      "ascent": 7,
      "height": 16,
      "chars": [
        "\u8035"
      ]
    },
    {
      "type": "bitmap",
      "file": "iyc:font/high_res/ruby.png",
      "ascent": 7,
      "height": 16,
      "chars": [
        "\u8037"
      ]
    },
    {
      "type": "bitmap",
      "file": "iyc:font/high_res/topaz_block.png",
      "ascent": 7,
      "height": 16,
      "chars": [
        "\u8039"
      ]
    },
    {
      "type": "bitmap",
      "file": "iyc:font/high_res/topaz_ore.png",
      "ascent": 7,
      "height": 16,
      "chars": [
        "\u803b"
      ]
    },
    {
      "type": "bitmap",
      "file": "iyc:font/high_res/deepslate_topaz_ore.png",
      "ascent": 7,
      "height": 16,
      "chars": [
        "\u803d"
      ]
    },
    {
      "type": "bitmap",
      "file": "iyc:font/high_res/topaz.png",
      "ascent": 7,
      "height": 16,
      "chars": [
        "\u803f"
      ]
    },
    {
      "type": "bitmap",
      "file": "iyc:font/high_res/obsidian_ingot.png",
      "ascent": 7,
      "height": 16,
      "chars": [
        "\u8041"
      ]
    },
    {
      "type": "bitmap",
      "file": "iyc:font/high_res/steel_block.png",
      "ascent": 7,
      "height": 16,
      "chars": [
        "\u8043"
      ]
    },
    {
      "type": "bitmap",
      "file": "iyc:font/high_res/steel_ore.png",
      "ascent": 7,
      "height": 16,
      "chars": [
        "\u8045"
      ]
    },
    {
      "type": "bitmap",
      "file": "iyc:font/high_res/steel_ingot.png",
      "ascent": 7,
      "height": 16,
      "chars": [
        "\u8047"
      ]
    },
    {
      "type": "bitmap",
      "file": "iyc:font/high_res/steel_stick.png",
      "ascent": 7,
      "height": 16,
      "chars": [
        "\u8049"
      ]
    },
    {
      "type": "bitmap",
      "file": "iyc:font/high_res/lignite_block.png",
      "ascent": 7,
      "height": 16,
      "chars": [
        "\u804b"
      ]
    },
    {
      "type": "bitmap",
      "file": "iyc:font/high_res/lignite_ore.png",
      "ascent": 7,
      "height": 16,
      "chars": [
        "\u804d"
      ]
    },
    {
      "type": "bitmap",
      "file": "iyc:font/high_res/lignite.png",
      "ascent": 7,
      "height": 16,
      "chars": [
        "\u804f"
      ]
    },
    {
      "type": "bitmap",
      "file": "iyc:font/high_res/slate_block.png",
      "ascent": 7,
      "height": 16,
      "chars": [
        "\u8051"
      ]
    },
    {
      "type": "bitmap",
      "file": "iyc:font/category/material_2.png",
      "ascent": 0,
      "height": 130,
      "chars": [
        "\u1024"
      ]
    },
    {
      "type": "bitmap",
      "file": "iyc:font/high_res/slate_ore.png",
      "ascent": 7,
      "height": 16,
      "chars": [
        "\u8053"
      ]
    },
    {
      "type": "bitmap",
      "file": "iyc:font/high_res/slate.png",
      "ascent": 7,
      "height": 16,
      "chars": [
        "\u8055"
      ]
    },
    {
      "type": "bitmap",
      "file": "iyc:font/high_res/stone_stick.png",
      "ascent": 7,
      "height": 16,
      "chars": [
        "\u8057"
      ]
    },
    {
      "type": "bitmap",
      "file": "iyc:font/high_res/hops_seeds.png",
      "ascent": 7,
      "height": 16,
      "chars": [
        "\u8059"
      ]
    },
    {
      "type": "bitmap",
      "file": "iyc:font/high_res/beer_mug.png",
      "ascent": 7,
      "height": 16,
      "chars": [
        "\u805b"
      ]
    },
    {
      "type": "bitmap",
      "file": "iyc:font/high_res/caffeine.png",
      "ascent": 7,
      "height": 16,
      "chars": [
        "\u805d"
      ]
    },
    {
      "type": "bitmap",
      "file": "iyc:font/high_res/can.png",
      "ascent": 7,
      "height": 16,
      "chars": [
        "\u805f"
      ]
    },
    {
      "type": "bitmap",
      "file": "iyc:font/high_res/cola.png",
      "ascent": 7,
      "height": 16,
      "chars": [
        "\u8061"
      ]
    },
    {
      "type": "bitmap",
      "file": "iyc:font/high_res/empty_glass.png",
      "ascent": 7,
      "height": 16,
      "chars": [
        "\u8063"
      ]
    },
    {
      "type": "bitmap",
      "file": "iyc:font/high_res/hops.png",
      "ascent": 7,
      "height": 16,
      "chars": [
        "\u8065"
      ]
    },
    {
      "type": "bitmap",
      "file": "iyc:font/high_res/glass_pot.png",
      "ascent": 7,
      "height": 16,
      "chars": [
        "\u8067"
      ]
    },
    {
      "type": "bitmap",
      "file": "iyc:font/high_res/taurine.png",
      "ascent": 7,
      "height": 16,
      "chars": [
        "\u8069"
      ]
    },
    {
      "type": "bitmap",
      "file": "iyc:font/high_res/chainmail.png",
      "ascent": 7,
      "height": 16,
      "chars": [
        "\u806b"
      ]
    },
    {
      "type": "bitmap",
      "file": "iyc:font/category/equipment_1.png",
      "ascent": 0,
      "height": 130,
      "chars": [
        "\u1025"
      ]
    },
    {
      "type": "bitmap",
      "file": "iyc:font/high_res/adamantium_helmet.png",
      "ascent": 7,
      "height": 16,
      "chars": [
        "\u806d"
      ]
    },
    {
      "type": "bitmap",
      "file": "iyc:font/high_res/adamantium_chestplate.png",
      "ascent": 7,
      "height": 16,
      "chars": [
        "\u806f"
      ]
    },
    {
      "type": "bitmap",
      "file": "iyc:font/high_res/adamantium_leggings.png",
      "ascent": 7,
      "height": 16,
      "chars": [
        "\u8071"
      ]
    },
    {
      "type": "bitmap",
      "file": "iyc:font/high_res/adamantium_boots.png",
      "ascent": 7,
      "height": 16,
      "chars": [
        "\u8073"
      ]
    },
    {
      "type": "bitmap",
      "file": "iyc:font/high_res/adamantium_sword.png",
      "ascent": 7,
      "height": 16,
      "chars": [
        "\u8075"
      ]
    },
    {
      "type": "bitmap",
      "file": "iyc:font/high_res/adamantium_pickaxe.png",
      "ascent": 7,
      "height": 16,
      "chars": [
        "\u8077"
      ]
    },
    {
      "type": "bitmap",
      "file": "iyc:font/high_res/adamantium_axe.png",
      "ascent": 7,
      "height": 16,
      "chars": [
        "\u8079"
      ]
    },
    {
      "type": "bitmap",
      "file": "iyc:font/high_res/adamantium_shovel.png",
      "ascent": 7,
      "height": 16,
      "chars": [
        "\u807b"
      ]
    },
    {
      "type": "bitmap",
      "file": "iyc:font/high_res/adamantium_hoe.png",
      "ascent": 7,
      "height": 16,
      "chars": [
        "\u807d"
      ]
    },
    {
      "type": "bitmap",
      "file": "iyc:font/high_res/sapphire_helmet.png",
      "ascent": 7,
      "height": 16,
      "chars": [
        "\u807f"
      ]
    },
    {
      "type": "bitmap",
      "file": "iyc:font/high_res/sapphire_chestplate.png",
      "ascent": 7,
      "height": 16,
      "chars": [
        "\u8081"
      ]
    },
    {
      "type": "bitmap",
      "file": "iyc:font/high_res/sapphire_leggings.png",
      "ascent": 7,
      "height": 16,
      "chars": [
        "\u8083"
      ]
    },
    {
      "type": "bitmap",
      "file": "iyc:font/high_res/sapphire_boots.png",
      "ascent": 7,
      "height": 16,
      "chars": [
        "\u8085"
      ]
    },
    {
      "type": "bitmap",
      "file": "iyc:font/high_res/sapphire_sword.png",
      "ascent": 7,
      "height": 16,
      "chars": [
        "\u8087"
      ]
    },
    {
      "type": "bitmap",
      "file": "iyc:font/high_res/sapphire_pickaxe.png",
      "ascent": 7,
      "height": 16,
      "chars": [
        "\u8089"
      ]
    },
    {
      "type": "bitmap",
      "file": "iyc:font/high_res/sapphire_axe.png",
      "ascent": 7,
      "height": 16,
      "chars": [
        "\u808b"
      ]
    },
    {
      "type": "bitmap",
      "file": "iyc:font/high_res/sapphire_shovel.png",
      "ascent": 7,
      "height": 16,
      "chars": [
        "\u808d"
      ]
    },
    {
      "type": "bitmap",
      "file": "iyc:font/high_res/sapphire_hoe.png",
      "ascent": 7,
      "height": 16,
      "chars": [
        "\u808f"
      ]
    },
    {
      "type": "bitmap",
      "file": "iyc:font/high_res/ruby_helmet.png",
      "ascent": 7,
      "height": 16,
      "chars": [
        "\u8091"
      ]
    },
    {
      "type": "bitmap",
      "file": "iyc:font/high_res/ruby_chestplate.png",
      "ascent": 7,
      "height": 16,
      "chars": [
        "\u8093"
      ]
    },
    {
      "type": "bitmap",
      "file": "iyc:font/high_res/ruby_leggings.png",
      "ascent": 7,
      "height": 16,
      "chars": [
        "\u8095"
      ]
    },
    {
      "type": "bitmap",
      "file": "iyc:font/high_res/ruby_boots.png",
      "ascent": 7,
      "height": 16,
      "chars": [
        "\u8097"
      ]
    },
    {
      "type": "bitmap",
      "file": "iyc:font/high_res/ruby_sword.png",
      "ascent": 7,
      "height": 16,
      "chars": [
        "\u8099"
      ]
    },
    {
      "type": "bitmap",
      "file": "iyc:font/high_res/ruby_pickaxe.png",
      "ascent": 7,
      "height": 16,
      "chars": [
        "\u809b"
      ]
    },
    {
      "type": "bitmap",
      "file": "iyc:font/high_res/ruby_axe.png",
      "ascent": 7,
      "height": 16,
      "chars": [
        "\u809d"
      ]
    },
    {
      "type": "bitmap",
      "file": "iyc:font/category/equipment_2.png",
      "ascent": 0,
      "height": 130,
      "chars": [
        "\u1026"
      ]
    },
    {
      "type": "bitmap",
      "file": "iyc:font/high_res/ruby_shovel.png",
      "ascent": 7,
      "height": 16,
      "chars": [
        "\u809f"
      ]
    },
    {
      "type": "bitmap",
      "file": "iyc:font/high_res/ruby_hoe.png",
      "ascent": 7,
      "height": 16,
      "chars": [
        "\u80a1"
      ]
    },
    {
      "type": "bitmap",
      "file": "iyc:font/high_res/topaz_helmet.png",
      "ascent": 7,
      "height": 16,
      "chars": [
        "\u80a3"
      ]
    },
    {
      "type": "bitmap",
      "file": "iyc:font/high_res/topaz_chestplate.png",
      "ascent": 7,
      "height": 16,
      "chars": [
        "\u80a5"
      ]
    },
    {
      "type": "bitmap",
      "file": "iyc:font/high_res/topaz_leggings.png",
      "ascent": 7,
      "height": 16,
      "chars": [
        "\u80a7"
      ]
    },
    {
      "type": "bitmap",
      "file": "iyc:font/high_res/topaz_boots.png",
      "ascent": 7,
      "height": 16,
      "chars": [
        "\u80a9"
      ]
    },
    {
      "type": "bitmap",
      "file": "iyc:font/high_res/topaz_sword.png",
      "ascent": 7,
      "height": 16,
      "chars": [
        "\u80ab"
      ]
    },
    {
      "type": "bitmap",
      "file": "iyc:font/high_res/topaz_pickaxe.png",
      "ascent": 7,
      "height": 16,
      "chars": [
        "\u80ad"
      ]
    },
    {
      "type": "bitmap",
      "file": "iyc:font/high_res/topaz_axe.png",
      "ascent": 7,
      "height": 16,
      "chars": [
        "\u80af"
      ]
    },
    {
      "type": "bitmap",
      "file": "iyc:font/high_res/topaz_shovel.png",
      "ascent": 7,
      "height": 16,
      "chars": [
        "\u80b1"
      ]
    },
    {
      "type": "bitmap",
      "file": "iyc:font/high_res/topaz_hoe.png",
      "ascent": 7,
      "height": 16,
      "chars": [
        "\u80b3"
      ]
    },
    {
      "type": "bitmap",
      "file": "iyc:font/high_res/obsidian_helmet.png",
      "ascent": 7,
      "height": 16,
      "chars": [
        "\u80b5"
      ]
    },
    {
      "type": "bitmap",
      "file": "iyc:font/high_res/obsidian_chestplate.png",
      "ascent": 7,
      "height": 16,
      "chars": [
        "\u80b7"
      ]
    },
    {
      "type": "bitmap",
      "file": "iyc:font/high_res/obsidian_leggings.png",
      "ascent": 7,
      "height": 16,
      "chars": [
        "\u80b9"
      ]
    },
    {
      "type": "bitmap",
      "file": "iyc:font/high_res/obsidian_boots.png",
      "ascent": 7,
      "height": 16,
      "chars": [
        "\u80bb"
      ]
    },
    {
      "type": "bitmap",
      "file": "iyc:font/high_res/obsidian_sword.png",
      "ascent": 7,
      "height": 16,
      "chars": [
        "\u80bd"
      ]
    },
    {
      "type": "bitmap",
      "file": "iyc:font/high_res/obsidian_pickaxe.png",
      "ascent": 7,
      "height": 16,
      "chars": [
        "\u80bf"
      ]
    },
    {
      "type": "bitmap",
      "file": "iyc:font/high_res/obsidian_axe.png",
      "ascent": 7,
      "height": 16,
      "chars": [
        "\u80c1"
      ]
    },
    {
      "type": "bitmap",
      "file": "iyc:font/high_res/obsidian_shovel.png",
      "ascent": 7,
      "height": 16,
      "chars": [
        "\u80c3"
      ]
    },
    {
      "type": "bitmap",
      "file": "iyc:font/high_res/obsidian_hoe.png",
      "ascent": 7,
      "height": 16,
      "chars": [
        "\u80c5"
      ]
    },
    {
      "type": "bitmap",
      "file": "iyc:font/high_res/steel_helmet.png",
      "ascent": 7,
      "height": 16,
      "chars": [
        "\u80c7"
      ]
    },
    {
      "type": "bitmap",
      "file": "iyc:font/high_res/steel_chestplate.png",
      "ascent": 7,
      "height": 16,
      "chars": [
        "\u80c9"
      ]
    },
    {
      "type": "bitmap",
      "file": "iyc:font/high_res/steel_leggings.png",
      "ascent": 7,
      "height": 16,
      "chars": [
        "\u80cb"
      ]
    },
    {
      "type": "bitmap",
      "file": "iyc:font/high_res/steel_boots.png",
      "ascent": 7,
      "height": 16,
      "chars": [
        "\u80cd"
      ]
    },
    {
      "type": "bitmap",
      "file": "iyc:font/high_res/steel_sword.png",
      "ascent": 7,
      "height": 16,
      "chars": [
        "\u80cf"
      ]
    },
    {
      "type": "bitmap",
      "file": "iyc:font/category/equipment_3.png",
      "ascent": 0,
      "height": 130,
      "chars": [
        "\u1027"
      ]
    },
    {
      "type": "bitmap",
      "file": "iyc:font/high_res/steel_pickaxe.png",
      "ascent": 7,
      "height": 16,
      "chars": [
        "\u80d1"
      ]
    },
    {
      "type": "bitmap",
      "file": "iyc:font/high_res/steel_axe.png",
      "ascent": 7,
      "height": 16,
      "chars": [
        "\u80d3"
      ]
    },
    {
      "type": "bitmap",
      "file": "iyc:font/high_res/steel_shovel.png",
      "ascent": 7,
      "height": 16,
      "chars": [
        "\u80d5"
      ]
    },
    {
      "type": "bitmap",
      "file": "iyc:font/high_res/steel_hoe.png",
      "ascent": 7,
      "height": 16,
      "chars": [
        "\u80d7"
      ]
    },
    {
      "type": "bitmap",
      "file": "iyc:font/high_res/emerald_helmet.png",
      "ascent": 7,
      "height": 16,
      "chars": [
        "\u80d9"
      ]
    },
    {
      "type": "bitmap",
      "file": "iyc:font/high_res/emerald_chestplate.png",
      "ascent": 7,
      "height": 16,
      "chars": [
        "\u80db"
      ]
    },
    {
      "type": "bitmap",
      "file": "iyc:font/high_res/emerald_leggings.png",
      "ascent": 7,
      "height": 16,
      "chars": [
        "\u80dd"
      ]
    },
    {
      "type": "bitmap",
      "file": "iyc:font/high_res/emerald_boots.png",
      "ascent": 7,
      "height": 16,
      "chars": [
        "\u80df"
      ]
    },
    {
      "type": "bitmap",
      "file": "iyc:font/high_res/emerald_sword.png",
      "ascent": 7,
      "height": 16,
      "chars": [
        "\u80e1"
      ]
    },
    {
      "type": "bitmap",
      "file": "iyc:font/high_res/emerald_pickaxe.png",
      "ascent": 7,
      "height": 16,
      "chars": [
        "\u80e3"
      ]
    },
    {
      "type": "bitmap",
      "file": "iyc:font/high_res/emerald_axe.png",
      "ascent": 7,
      "height": 16,
      "chars": [
        "\u80e5"
      ]
    },
    {
      "type": "bitmap",
      "file": "iyc:font/high_res/emerald_shovel.png",
      "ascent": 7,
      "height": 16,
      "chars": [
        "\u80e7"
      ]
    },
    {
      "type": "bitmap",
      "file": "iyc:font/high_res/emerald_hoe.png",
      "ascent": 7,
      "height": 16,
      "chars": [
        "\u80e9"
      ]
    },
    {
      "type": "bitmap",
      "file": "iyc:font/high_res/bolt.png",
      "ascent": 7,
      "height": 16,
      "chars": [
        "\u80eb"
      ]
    },
    {
      "type": "bitmap",
      "file": "iyc:font/high_res/helice_hat.png",
      "ascent": 7,
      "height": 16,
      "chars": [
        "\u80ed"
      ]
    },
    {
      "type": "bitmap",
      "file": "iyc:font/high_res/l118a.png",
      "ascent": 7,
      "height": 16,
      "chars": [
        "\u80ef"
      ]
    },
    {
      "type": "bitmap",
      "file": "iyc:font/high_res/sw1911.png",
      "ascent": 7,
      "height": 16,
      "chars": [
        "\u80f1"
      ]
    },
    {
      "type": "bitmap",
      "file": "iyc:font/category/miscellaneous.png",
      "ascent": 0,
      "height": 130,
      "chars": [
        "\u1028"
      ]
    },
    {
      "type": "bitmap",
      "file": "iyc:font/high_res/massive_obsidian_block.png",
      "ascent": 7,
      "height": 16,
      "chars": [
        "\u80f3"
      ]
    },
    {
      "type": "bitmap",
      "file": "iyc:font/high_res/lignite_torch.png",
      "ascent": 7,
      "height": 16,
      "chars": [
        "\u80f5"
      ]
    },
    {
      "type": "bitmap",
      "file": "iyc:font/high_res/coin.png",
      "ascent": 7,
      "height": 16,
      "chars": [
        "\u80f7"
      ]
    },
    {
      "type": "bitmap",
      "file": "iyc:font/high_res/nuclear_bomb.png",
      "ascent": 7,
      "height": 16,
      "chars": [
        "\u80f9"
      ]
    },
    {
      "type": "bitmap",
      "file": "iyc:font/high_res/quiver.png",
      "ascent": 7,
      "height": 16,
      "chars": [
        "\u80fb"
      ]
    },
    {
      "type": "bitmap",
      "file": "iyc:font/high_res/rock.png",
      "ascent": 7,
      "height": 16,
      "chars": [
        "\u80fd"
      ]
    },
    {
      "type": "bitmap",
      "file": "iyc:font/high_res/screwdriver.png",
      "ascent": 7,
      "height": 16,
      "chars": [
        "\u80ff"
      ]
    },
    {
      "type": "bitmap",
      "file": "iyc:font/category/building.png",
      "ascent": 0,
      "height": 130,
      "chars": [
        "\u1029"
      ]
    },
    {
      "type": "bitmap",
      "file": "iyc:font/high_res/iron_furnace.png",
      "ascent": 7,
      "height": 16,
      "chars": [
        "\u8101"
      ]
    },
    {
      "type": "bitmap",
      "file": "iyc:font/high_res/box_jump.png",
      "ascent": 7,
      "height": 16,
      "chars": [
        "\u8103"
      ]
    },
    {
      "type": "bitmap",
      "file": "iyc:font/high_res/box_speed.png",
      "ascent": 7,
      "height": 16,
      "chars": [
        "\u8105"
      ]
    },
    {
      "type": "bitmap",
      "file": "iyc:font/high_res/blue_block_ctf.png",
      "ascent": 7,
      "height": 16,
      "chars": [
        "\u8107"
      ]
    },
    {
      "type": "bitmap",
      "file": "iyc:font/high_res/clear_glass.png",
      "ascent": 7,
      "height": 16,
      "chars": [
        "\u8109"
      ]
    },
    {
      "type": "bitmap",
      "file": "iyc:font/high_res/cloud.png",
      "ascent": 7,
      "height": 16,
      "chars": [
        "\u810b"
      ]
    },
    {
      "type": "bitmap",
      "file": "iyc:font/high_res/flatware.png",
      "ascent": 7,
      "height": 16,
      "chars": [
        "\u810d"
      ]
    },
    {
      "type": "bitmap",
      "file": "iyc:font/high_res/iron_ladder.png",
      "ascent": 7,
      "height": 16,
      "chars": [
        "\u810f"
      ]
    },
    {
      "type": "bitmap",
      "file": "iyc:font/high_res/birch_wood_lantern.png",
      "ascent": 7,
      "height": 16,
      "chars": [
        "\u8111"
      ]
    },
    {
      "type": "bitmap",
      "file": "iyc:font/high_res/jungle_wood_lantern.png",
      "ascent": 7,
      "height": 16,
      "chars": [
        "\u8113"
      ]
    },
    {
      "type": "bitmap",
      "file": "iyc:font/high_res/oak_wood_lantern.png",
      "ascent": 7,
      "height": 16,
      "chars": [
        "\u8115"
      ]
    },
    {
      "type": "bitmap",
      "file": "iyc:font/high_res/spruce_wood_lantern.png",
      "ascent": 7,
      "height": 16,
      "chars": [
        "\u8117"
      ]
    },
    {
      "type": "bitmap",
      "file": "iyc:font/high_res/iron_lantern.png",
      "ascent": 7,
      "height": 16,
      "chars": [
        "\u8119"
      ]
    },
    {
      "type": "bitmap",
      "file": "iyc:font/high_res/red_light.png",
      "ascent": 7,
      "height": 16,
      "chars": [
        "\u811b"
      ]
    },
    {
      "type": "bitmap",
      "file": "iyc:font/high_res/reversed_oak_planks.png",
      "ascent": 7,
      "height": 16,
      "chars": [
        "\u811d"
      ]
    },
    {
      "type": "bitmap",
      "file": "iyc:font/high_res/black_flower.png",
      "ascent": 7,
      "height": 16,
      "chars": [
        "\u811f"
      ]
    },
    {
      "type": "bitmap",
      "file": "iyc:font/high_res/blue_flower.png",
      "ascent": 7,
      "height": 16,
      "chars": [
        "\u8121"
      ]
    },
    {
      "type": "bitmap",
      "file": "iyc:font/high_res/white_flower.png",
      "ascent": 7,
      "height": 16,
      "chars": [
        "\u8123"
      ]
    },
    {
      "type": "bitmap",
      "file": "iyc:font/category/food.png",
      "ascent": 0,
      "height": 130,
      "chars": [
        "\u102a"
      ]
    },
    {
      "type": "bitmap",
      "file": "iyc:font/high_res/toast.png",
      "ascent": 7,
      "height": 16,
      "chars": [
        "\u8125"
      ]
    },
    {
      "type": "bitmap",
      "file": "iyc:font/high_res/apple_juice.png",
      "ascent": 7,
      "height": 16,
      "chars": [
        "\u8127"
      ]
    },
    {
      "type": "bitmap",
      "file": "iyc:font/high_res/beer.png",
      "ascent": 7,
      "height": 16,
      "chars": [
        "\u8129"
      ]
    },
    {
      "type": "bitmap",
      "file": "iyc:font/high_res/cherry.png",
      "ascent": 7,
      "height": 16,
      "chars": [
        "\u812b"
      ]
    },
    {
      "type": "bitmap",
      "file": "iyc:font/high_res/cherry_cake.png",
      "ascent": 7,
      "height": 16,
      "chars": [
        "\u812d"
      ]
    },
    {
      "type": "bitmap",
      "file": "iyc:font/high_res/coca.png",
      "ascent": 7,
      "height": 16,
      "chars": [
        "\u812f"
      ]
    },
    {
      "type": "bitmap",
      "file": "iyc:font/high_res/hot_chocolate.png",
      "ascent": 7,
      "height": 16,
      "chars": [
        "\u8131"
      ]
    },
    {
      "type": "bitmap",
      "file": "iyc:font/high_res/nutella.png",
      "ascent": 7,
      "height": 16,
      "chars": [
        "\u8133"
      ]
    },
    {
      "type": "bitmap",
      "file": "iyc:font/high_res/nutella_toast.png",
      "ascent": 7,
      "height": 16,
      "chars": [
        "\u8135"
      ]
    },
    {
      "type": "bitmap",
      "file": "iyc:font/high_res/red_bull.png",
      "ascent": 7,
      "height": 16,
      "chars": [
        "\u8137"
      ]
    },
    {
      "type": "bitmap",
      "file": "iyc:font/high_res/adamantium_fragment_9.png",
      "ascent": 7,
      "height": 16,
      "chars": [
        "\u813d"
      ]
    },
    {
      "type": "bitmap",
      "file": "iyc:font/wiki_icons/iyc_adamantium_fragment.png",
      "ascent": 8,
      "height": 16,
      "chars": [
        "\u813f"
      ]
    },
    {
      "type": "bitmap",
      "file": "iyc:font/wiki_icons/iyc_adamantium_fragment.png",
      "ascent": 8,
      "height": 16,
      "chars": [
        "\u8144"
      ]
    },
    {
      "type": "bitmap",
      "file": "iyc:font/wiki_icons/iyc_adamantium_fragment.png",
      "ascent": 8,
      "height": 16,
      "chars": [
        "\u8149"
      ]
    },
    {
      "type": "bitmap",
      "file": "iyc:font/wiki_icons/iyc_adamantium_block.png",
      "ascent": 8,
      "height": 16,
      "chars": [
        "\u8154"
      ]
    },
    {
      "type": "bitmap",
      "file": "iyc:font/wiki_icons/iyc_adamantium_helmet.png",
      "ascent": 8,
      "height": 16,
      "chars": [
        "\u8157"
      ]
    },
    {
      "type": "bitmap",
      "file": "iyc:font/wiki_icons/iyc_adamantium_chestplate.png",
      "ascent": 8,
      "height": 16,
      "chars": [
        "\u815a"
      ]
    },
    {
      "type": "bitmap",
      "file": "iyc:font/wiki_icons/iyc_adamantium_leggings.png",
      "ascent": 8,
      "height": 16,
      "chars": [
        "\u815d"
      ]
    },
    {
      "type": "bitmap",
      "file": "iyc:font/wiki_icons/iyc_adamantium_boots.png",
      "ascent": 8,
      "height": 16,
      "chars": [
        "\u8160"
      ]
    },
    {
      "type": "bitmap",
      "file": "iyc:font/high_res/stick.png",
      "ascent": 7,
      "height": 16,
      "chars": [
        "\u8163"
      ]
    },
    {
      "type": "bitmap",
      "file": "iyc:font/wiki_icons/iyc_adamantium_sword.png",
      "ascent": 8,
      "height": 16,
      "chars": [
        "\u8164"
      ]
    },
    {
      "type": "bitmap",
      "file": "iyc:font/wiki_icons/iyc_adamantium_pickaxe.png",
      "ascent": 8,
      "height": 16,
      "chars": [
        "\u8168"
      ]
    },
    {
      "type": "bitmap",
      "file": "iyc:font/wiki_icons/iyc_adamantium_axe.png",
      "ascent": 8,
      "height": 16,
      "chars": [
        "\u816c"
      ]
    },
    {
      "type": "bitmap",
      "file": "iyc:font/wiki_icons/iyc_adamantium_shovel.png",
      "ascent": 8,
      "height": 16,
      "chars": [
        "\u8170"
      ]
    },
    {
      "type": "bitmap",
      "file": "iyc:font/wiki_icons/iyc_adamantium_hoe.png",
      "ascent": 8,
      "height": 16,
      "chars": [
        "\u8174"
      ]
    },
    {
      "type": "bitmap",
      "file": "iyc:font/high_res/sapphire_9.png",
      "ascent": 7,
      "height": 16,
      "chars": [
        "\u8179"
      ]
    },
    {
      "type": "bitmap",
      "file": "iyc:font/wiki_icons/iyc_sapphire.png",
      "ascent": 8,
      "height": 16,
      "chars": [
        "\u817b"
      ]
    },
    {
      "type": "bitmap",
      "file": "iyc:font/wiki_icons/iyc_sapphire.png",
      "ascent": 8,
      "height": 16,
      "chars": [
        "\u8180"
      ]
    },
    {
      "type": "bitmap",
      "file": "iyc:font/wiki_icons/iyc_sapphire.png",
      "ascent": 8,
      "height": 16,
      "chars": [
        "\u8185"
      ]
    },
    {
      "type": "bitmap",
      "file": "iyc:font/wiki_icons/iyc_sapphire_block.png",
      "ascent": 8,
      "height": 16,
      "chars": [
        "\u8190"
      ]
    },
    {
      "type": "bitmap",
      "file": "iyc:font/wiki_icons/iyc_sapphire_helmet.png",
      "ascent": 8,
      "height": 16,
      "chars": [
        "\u8193"
      ]
    },
    {
      "type": "bitmap",
      "file": "iyc:font/wiki_icons/iyc_sapphire_chestplate.png",
      "ascent": 8,
      "height": 16,
      "chars": [
        "\u8196"
      ]
    },
    {
      "type": "bitmap",
      "file": "iyc:font/wiki_icons/iyc_sapphire_leggings.png",
      "ascent": 8,
      "height": 16,
      "chars": [
        "\u8199"
      ]
    },
    {
      "type": "bitmap",
      "file": "iyc:font/wiki_icons/iyc_sapphire_boots.png",
      "ascent": 8,
      "height": 16,
      "chars": [
        "\u819c"
      ]
    },
    {
      "type": "bitmap",
      "file": "iyc:font/wiki_icons/iyc_sapphire_sword.png",
      "ascent": 8,
      "height": 16,
      "chars": [
        "\u81a0"
      ]
    },
    {
      "type": "bitmap",
      "file": "iyc:font/wiki_icons/iyc_sapphire_pickaxe.png",
      "ascent": 8,
      "height": 16,
      "chars": [
        "\u81a4"
      ]
    },
    {
      "type": "bitmap",
      "file": "iyc:font/wiki_icons/iyc_sapphire_axe.png",
      "ascent": 8,
      "height": 16,
      "chars": [
        "\u81a8"
      ]
    },
    {
      "type": "bitmap",
      "file": "iyc:font/wiki_icons/iyc_sapphire_shovel.png",
      "ascent": 8,
      "height": 16,
      "chars": [
        "\u81ac"
      ]
    },
    {
      "type": "bitmap",
      "file": "iyc:font/wiki_icons/iyc_sapphire_hoe.png",
      "ascent": 8,
      "height": 16,
      "chars": [
        "\u81b0"
      ]
    },
    {
      "type": "bitmap",
      "file": "iyc:font/high_res/oak_planks.png",
      "ascent": 7,
      "height": 16,
      "chars": [
        "\u81b2"
      ]
    },
    {
      "type": "bitmap",
      "file": "iyc:font/wiki_icons/iyc_box_speed.png",
      "ascent": 8,
      "height": 16,
      "chars": [
        "\u81b4"
      ]
    },
    {
      "type": "bitmap",
      "file": "iyc:font/high_res/ruby_9.png",
      "ascent": 7,
      "height": 16,
      "chars": [
        "\u81b9"
      ]
    },
    {
      "type": "bitmap",
      "file": "iyc:font/wiki_icons/iyc_ruby.png",
      "ascent": 8,
      "height": 16,
      "chars": [
        "\u81bb"
      ]
    },
    {
      "type": "bitmap",
      "file": "iyc:font/wiki_icons/iyc_ruby.png",
      "ascent": 8,
      "height": 16,
      "chars": [
        "\u81c0"
      ]
    },
    {
      "type": "bitmap",
      "file": "iyc:font/wiki_icons/iyc_ruby.png",
      "ascent": 8,
      "height": 16,
      "chars": [
        "\u81c5"
      ]
    },
    {
      "type": "bitmap",
      "file": "iyc:font/wiki_icons/iyc_ruby_block.png",
      "ascent": 8,
      "height": 16,
      "chars": [
        "\u81d0"
      ]
    },
    {
      "type": "bitmap",
      "file": "iyc:font/wiki_icons/iyc_ruby_helmet.png",
      "ascent": 8,
      "height": 16,
      "chars": [
        "\u81d3"
      ]
    },
    {
      "type": "bitmap",
      "file": "iyc:font/wiki_icons/iyc_ruby_chestplate.png",
      "ascent": 8,
      "height": 16,
      "chars": [
        "\u81d6"
      ]
    },
    {
      "type": "bitmap",
      "file": "iyc:font/wiki_icons/iyc_ruby_leggings.png",
      "ascent": 8,
      "height": 16,
      "chars": [
        "\u81d9"
      ]
    },
    {
      "type": "bitmap",
      "file": "iyc:font/wiki_icons/iyc_ruby_boots.png",
      "ascent": 8,
      "height": 16,
      "chars": [
        "\u81dc"
      ]
    },
    {
      "type": "bitmap",
      "file": "iyc:font/wiki_icons/iyc_ruby_sword.png",
      "ascent": 8,
      "height": 16,
      "chars": [
        "\u81e0"
      ]
    },
    {
      "type": "bitmap",
      "file": "iyc:font/wiki_icons/iyc_ruby_pickaxe.png",
      "ascent": 8,
      "height": 16,
      "chars": [
        "\u81e4"
      ]
    },
    {
      "type": "bitmap",
      "file": "iyc:font/wiki_icons/iyc_ruby_axe.png",
      "ascent": 8,
      "height": 16,
      "chars": [
        "\u81e8"
      ]
    },
    {
      "type": "bitmap",
      "file": "iyc:font/wiki_icons/iyc_ruby_shovel.png",
      "ascent": 8,
      "height": 16,
      "chars": [
        "\u81ec"
      ]
    },
    {
      "type": "bitmap",
      "file": "iyc:font/wiki_icons/iyc_ruby_hoe.png",
      "ascent": 8,
      "height": 16,
      "chars": [
        "\u81f0"
      ]
    },
    {
      "type": "bitmap",
      "file": "iyc:font/wiki_icons/iyc_box_jump.png",
      "ascent": 8,
      "height": 16,
      "chars": [
        "\u81f4"
      ]
    },
    {
      "type": "bitmap",
      "file": "iyc:font/high_res/topaz_9.png",
      "ascent": 7,
      "height": 16,
      "chars": [
        "\u81f9"
      ]
    },
    {
      "type": "bitmap",
      "file": "iyc:font/wiki_icons/iyc_topaz.png",
      "ascent": 8,
      "height": 16,
      "chars": [
        "\u81fb"
      ]
    },
    {
      "type": "bitmap",
      "file": "iyc:font/wiki_icons/iyc_topaz.png",
      "ascent": 8,
      "height": 16,
      "chars": [
        "\u8200"
      ]
    },
    {
      "type": "bitmap",
      "file": "iyc:font/wiki_icons/iyc_topaz.png",
      "ascent": 8,
      "height": 16,
      "chars": [
        "\u8205"
      ]
    },
    {
      "type": "bitmap",
      "file": "iyc:font/wiki_icons/iyc_topaz_block.png",
      "ascent": 8,
      "height": 16,
      "chars": [
        "\u8210"
      ]
    },
    {
      "type": "bitmap",
      "file": "iyc:font/wiki_icons/iyc_topaz_helmet.png",
      "ascent": 8,
      "height": 16,
      "chars": [
        "\u8213"
      ]
    },
    {
      "type": "bitmap",
      "file": "iyc:font/wiki_icons/iyc_topaz_chestplate.png",
      "ascent": 8,
      "height": 16,
      "chars": [
        "\u8216"
      ]
    },
    {
      "type": "bitmap",
      "file": "iyc:font/wiki_icons/iyc_topaz_leggings.png",
      "ascent": 8,
      "height": 16,
      "chars": [
        "\u8219"
      ]
    },
    {
      "type": "bitmap",
      "file": "iyc:font/wiki_icons/iyc_topaz_boots.png",
      "ascent": 8,
      "height": 16,
      "chars": [
        "\u821c"
      ]
    },
    {
      "type": "bitmap",
      "file": "iyc:font/wiki_icons/iyc_topaz_sword.png",
      "ascent": 8,
      "height": 16,
      "chars": [
        "\u8220"
      ]
    },
    {
      "type": "bitmap",
      "file": "iyc:font/wiki_icons/iyc_topaz_pickaxe.png",
      "ascent": 8,
      "height": 16,
      "chars": [
        "\u8224"
      ]
    },
    {
      "type": "bitmap",
      "file": "iyc:font/wiki_icons/iyc_topaz_axe.png",
      "ascent": 8,
      "height": 16,
      "chars": [
        "\u8228"
      ]
    },
    {
      "type": "bitmap",
      "file": "iyc:font/wiki_icons/iyc_topaz_shovel.png",
      "ascent": 8,
      "height": 16,
      "chars": [
        "\u822c"
      ]
    },
    {
      "type": "bitmap",
      "file": "iyc:font/wiki_icons/iyc_topaz_hoe.png",
      "ascent": 8,
      "height": 16,
      "chars": [
        "\u8230"
      ]
    },
    {
      "type": "bitmap",
      "file": "iyc:font/high_res/tnt.png",
      "ascent": 7,
      "height": 16,
      "chars": [
        "\u8232"
      ]
    },
    {
      "type": "bitmap",
      "file": "iyc:font/wiki_icons/iyc_nuclear_bomb.png",
      "ascent": 8,
      "height": 16,
      "chars": [
        "\u8234"
      ]
    },
    {
      "type": "bitmap",
      "file": "iyc:font/wiki_icons/iyc_obsidian_helmet.png",
      "ascent": 8,
      "height": 16,
      "chars": [
        "\u823b"
      ]
    },
    {
      "type": "bitmap",
      "file": "iyc:font/wiki_icons/iyc_obsidian_chestplate.png",
      "ascent": 8,
      "height": 16,
      "chars": [
        "\u823e"
      ]
    },
    {
      "type": "bitmap",
      "file": "iyc:font/wiki_icons/iyc_obsidian_leggings.png",
      "ascent": 8,
      "height": 16,
      "chars": [
        "\u8241"
      ]
    },
    {
      "type": "bitmap",
      "file": "iyc:font/wiki_icons/iyc_obsidian_boots.png",
      "ascent": 8,
      "height": 16,
      "chars": [
        "\u8244"
      ]
    },
    {
      "type": "bitmap",
      "file": "iyc:font/wiki_icons/iyc_obsidian_sword.png",
      "ascent": 8,
      "height": 16,
      "chars": [
        "\u8248"
      ]
    },
    {
      "type": "bitmap",
      "file": "iyc:font/wiki_icons/iyc_obsidian_pickaxe.png",
      "ascent": 8,
      "height": 16,
      "chars": [
        "\u824c"
      ]
    },
    {
      "type": "bitmap",
      "file": "iyc:font/wiki_icons/iyc_obsidian_axe.png",
      "ascent": 8,
      "height": 16,
      "chars": [
        "\u8250"
      ]
    },
    {
      "type": "bitmap",
      "file": "iyc:font/wiki_icons/iyc_obsidian_shovel.png",
      "ascent": 8,
      "height": 16,
      "chars": [
        "\u8254"
      ]
    },
    {
      "type": "bitmap",
      "file": "iyc:font/wiki_icons/iyc_obsidian_hoe.png",
      "ascent": 8,
      "height": 16,
      "chars": [
        "\u8258"
      ]
    },
    {
      "type": "bitmap",
      "file": "iyc:font/high_res/steel_ingot_9.png",
      "ascent": 7,
      "height": 16,
      "chars": [
        "\u825d"
      ]
    },
    {
      "type": "bitmap",
      "file": "iyc:font/wiki_icons/iyc_steel_ingot.png",
      "ascent": 8,
      "height": 16,
      "chars": [
        "\u825f"
      ]
    },
    {
      "type": "bitmap",
      "file": "iyc:font/wiki_icons/iyc_steel_ingot.png",
      "ascent": 8,
      "height": 16,
      "chars": [
        "\u8264"
      ]
    },
    {
      "type": "bitmap",
      "file": "iyc:font/wiki_icons/iyc_steel_block.png",
      "ascent": 8,
      "height": 16,
      "chars": [
        "\u826d"
      ]
    },
    {
      "type": "bitmap",
      "file": "iyc:font/wiki_icons/iyc_steel_helmet.png",
      "ascent": 8,
      "height": 16,
      "chars": [
        "\u8270"
      ]
    },
    {
      "type": "bitmap",
      "file": "iyc:font/wiki_icons/iyc_steel_chestplate.png",
      "ascent": 8,
      "height": 16,
      "chars": [
        "\u8273"
      ]
    },
    {
      "type": "bitmap",
      "file": "iyc:font/wiki_icons/iyc_steel_leggings.png",
      "ascent": 8,
      "height": 16,
      "chars": [
        "\u8276"
      ]
    },
    {
      "type": "bitmap",
      "file": "iyc:font/wiki_icons/iyc_steel_boots.png",
      "ascent": 8,
      "height": 16,
      "chars": [
        "\u8279"
      ]
    },
    {
      "type": "bitmap",
      "file": "iyc:font/wiki_icons/iyc_steel_sword.png",
      "ascent": 8,
      "height": 16,
      "chars": [
        "\u827d"
      ]
    },
    {
      "type": "bitmap",
      "file": "iyc:font/wiki_icons/iyc_steel_pickaxe.png",
      "ascent": 8,
      "height": 16,
      "chars": [
        "\u8281"
      ]
    },
    {
      "type": "bitmap",
      "file": "iyc:font/wiki_icons/iyc_steel_axe.png",
      "ascent": 8,
      "height": 16,
      "chars": [
        "\u8285"
      ]
    },
    {
      "type": "bitmap",
      "file": "iyc:font/wiki_icons/iyc_steel_shovel.png",
      "ascent": 8,
      "height": 16,
      "chars": [
        "\u8289"
      ]
    },
    {
      "type": "bitmap",
      "file": "iyc:font/wiki_icons/iyc_steel_hoe.png",
      "ascent": 8,
      "height": 16,
      "chars": [
        "\u828d"
      ]
    },
    {
      "type": "bitmap",
      "file": "iyc:font/high_res/steel_stick_4.png",
      "ascent": 7,
      "height": 16,
      "chars": [
        "\u828e"
      ]
    },
    {
      "type": "bitmap",
      "file": "iyc:font/wiki_icons/iyc_steel_stick.png",
      "ascent": 8,
      "height": 16,
      "chars": [
        "\u8290"
      ]
    },
    {
      "type": "bitmap",
      "file": "iyc:font/wiki_icons/iyc_l118a.png",
      "ascent": 8,
      "height": 16,
      "chars": [
        "\u8294"
      ]
    },
    {
      "type": "bitmap",
      "file": "iyc:font/wiki_icons/iyc_sw1911.png",
      "ascent": 8,
      "height": 16,
      "chars": [
        "\u8298"
      ]
    },
    {
      "type": "bitmap",
      "file": "iyc:font/high_res/can_4.png",
      "ascent": 7,
      "height": 16,
      "chars": [
        "\u8299"
      ]
    },
    {
      "type": "bitmap",
      "file": "iyc:font/high_res/iron_ingot.png",
      "ascent": 7,
      "height": 16,
      "chars": [
        "\u829a"
      ]
    },
    {
      "type": "bitmap",
      "file": "iyc:font/wiki_icons/iyc_can.png",
      "ascent": 8,
      "height": 16,
      "chars": [
        "\u829c"
      ]
    },
    {
      "type": "bitmap",
      "file": "iyc:font/high_res/lignite_9.png",
      "ascent": 7,
      "height": 16,
      "chars": [
        "\u82a5"
      ]
    },
    {
      "type": "bitmap",
      "file": "iyc:font/wiki_icons/iyc_lignite.png",
      "ascent": 8,
      "height": 16,
      "chars": [
        "\u82a7"
      ]
    },
    {
      "type": "bitmap",
      "file": "iyc:font/wiki_icons/iyc_lignite.png",
      "ascent": 8,
      "height": 16,
      "chars": [
        "\u82ac"
      ]
    },
    {
      "type": "bitmap",
      "file": "iyc:font/wiki_icons/iyc_lignite_block.png",
      "ascent": 8,
      "height": 16,
      "chars": [
        "\u82b5"
      ]
    },
    {
      "type": "bitmap",
      "file": "iyc:font/high_res/lignite_torch_4.png",
      "ascent": 7,
      "height": 16,
      "chars": [
        "\u82b6"
      ]
    },
    {
      "type": "bitmap",
      "file": "iyc:font/wiki_icons/iyc_lignite_torch.png",
      "ascent": 8,
      "height": 16,
      "chars": [
        "\u82b9"
      ]
    },
    {
      "type": "bitmap",
      "file": "iyc:font/high_res/slate_9.png",
      "ascent": 7,
      "height": 16,
      "chars": [
        "\u82be"
      ]
    },
    {
      "type": "bitmap",
      "file": "iyc:font/wiki_icons/iyc_slate.png",
      "ascent": 8,
      "height": 16,
      "chars": [
        "\u82c0"
      ]
    },
    {
      "type": "bitmap",
      "file": "iyc:font/wiki_icons/iyc_slate.png",
      "ascent": 8,
      "height": 16,
      "chars": [
        "\u82c5"
      ]
    },
    {
      "type": "bitmap",
      "file": "iyc:font/wiki_icons/iyc_slate_block.png",
      "ascent": 8,
      "height": 16,
      "chars": [
        "\u82ce"
      ]
    },
    {
      "type": "bitmap",
      "file": "iyc:font/wiki_icons/iyc_l118a.png",
      "ascent": 8,
      "height": 16,
      "chars": [
        "\u82d2"
      ]
    },
    {
      "type": "bitmap",
      "file": "iyc:font/wiki_icons/iyc_sw1911.png",
      "ascent": 8,
      "height": 16,
      "chars": [
        "\u82d6"
      ]
    },
    {
      "type": "bitmap",
      "file": "iyc:font/high_res/stone_stick_4.png",
      "ascent": 7,
      "height": 16,
      "chars": [
        "\u82d7"
      ]
    },
    {
      "type": "bitmap",
      "file": "iyc:font/high_res/stone.png",
      "ascent": 7,
      "height": 16,
      "chars": [
        "\u82d8"
      ]
    },
    {
      "type": "bitmap",
      "file": "iyc:font/page/hops_seeds.png",
      "ascent": 0,
      "height": 40,
      "chars": [
        "\u1047"
      ]
    },
    {
      "type": "bitmap",
      "file": "iyc:font/high_res/beer_mug_4.png",
      "ascent": 7,
      "height": 16,
      "chars": [
        "\u82dc"
      ]
    },
    {
      "type": "bitmap",
      "file": "iyc:font/high_res/glass.png",
      "ascent": 7,
      "height": 16,
      "chars": [
        "\u82dd"
      ]
    },
    {
      "type": "bitmap",
      "file": "iyc:font/wiki_icons/iyc_beer.png",
      "ascent": 8,
      "height": 16,
      "chars": [
        "\u82e5"
      ]
    },
    {
      "type": "bitmap",
      "file": "iyc:font/high_res/sugar.png",
      "ascent": 7,
      "height": 16,
      "chars": [
        "\u82e9"
      ]
    },
    {
      "type": "bitmap",
      "file": "iyc:font/wiki_icons/iyc_coca.png",
      "ascent": 8,
      "height": 16,
      "chars": [
        "\u82f0"
      ]
    },
    {
      "type": "bitmap",
      "file": "iyc:font/wiki_icons/iyc_red_bull.png",
      "ascent": 8,
      "height": 16,
      "chars": [
        "\u82f6"
      ]
    },
    {
      "type": "bitmap",
      "file": "iyc:font/wiki_icons/iyc_coca.png",
      "ascent": 8,
      "height": 16,
      "chars": [
        "\u8302"
      ]
    },
    {
      "type": "bitmap",
      "file": "iyc:font/wiki_icons/iyc_red_bull.png",
      "ascent": 8,
      "height": 16,
      "chars": [
        "\u8308"
      ]
    },
    {
      "type": "bitmap",
      "file": "iyc:font/wiki_icons/iyc_coca.png",
      "ascent": 8,
      "height": 16,
      "chars": [
        "\u8313"
      ]
    },
    {
      "type": "bitmap",
      "file": "iyc:font/high_res/empty_glass_4.png",
      "ascent": 7,
      "height": 16,
      "chars": [
        "\u8314"
      ]
    },
    {
      "type": "bitmap",
      "file": "iyc:font/high_res/apple.png",
      "ascent": 7,
      "height": 16,
      "chars": [
        "\u8319"
      ]
    },
    {
      "type": "bitmap",
      "file": "iyc:font/wiki_icons/iyc_apple_juice.png",
      "ascent": 8,
      "height": 16,
      "chars": [
        "\u831b"
      ]
    },
    {
      "type": "bitmap",
      "file": "iyc:font/wiki_icons/iyc_beer.png",
      "ascent": 8,
      "height": 16,
      "chars": [
        "\u8322"
      ]
    },
    {
      "type": "bitmap",
      "file": "iyc:font/high_res/cocoa_beans.png",
      "ascent": 7,
      "height": 16,
      "chars": [
        "\u8328"
      ]
    },
    {
      "type": "bitmap",
      "file": "iyc:font/high_res/milk_bucket.png",
      "ascent": 7,
      "height": 16,
      "chars": [
        "\u832a"
      ]
    },
    {
      "type": "bitmap",
      "file": "iyc:font/wiki_icons/iyc_nutella.png",
      "ascent": 8,
      "height": 16,
      "chars": [
        "\u832c"
      ]
    },
    {
      "type": "bitmap",
      "file": "iyc:font/wiki_icons/iyc_red_bull.png",
      "ascent": 8,
      "height": 16,
      "chars": [
        "\u8337"
      ]
    },
    {
      "type": "bitmap",
      "file": "iyc:font/high_res/chainmail_4.png",
      "ascent": 7,
      "height": 16,
      "chars": [
        "\u8338"
      ]
    },
    {
      "type": "bitmap",
      "file": "iyc:font/high_res/chain.png",
      "ascent": 7,
      "height": 16,
      "chars": [
        "\u8339"
      ]
    },
    {
      "type": "bitmap",
      "file": "iyc:font/high_res/chainmail_helmet.png",
      "ascent": 7,
      "height": 16,
      "chars": [
        "\u833c"
      ]
    },
    {
      "type": "bitmap",
      "file": "iyc:font/wiki_icons/minecraft_chainmail_helmet.png",
      "ascent": 8,
      "height": 16,
      "chars": [
        "\u833e"
      ]
    },
    {
      "type": "bitmap",
      "file": "iyc:font/high_res/chainmail_chestplate.png",
      "ascent": 7,
      "height": 16,
      "chars": [
        "\u833f"
      ]
    },
    {
      "type": "bitmap",
      "file": "iyc:font/wiki_icons/minecraft_chainmail_chestplate.png",
      "ascent": 8,
      "height": 16,
      "chars": [
        "\u8341"
      ]
    },
    {
      "type": "bitmap",
      "file": "iyc:font/high_res/chainmail_leggings.png",
      "ascent": 7,
      "height": 16,
      "chars": [
        "\u8342"
      ]
    },
    {
      "type": "bitmap",
      "file": "iyc:font/wiki_icons/minecraft_chainmail_leggings.png",
      "ascent": 8,
      "height": 16,
      "chars": [
        "\u8344"
      ]
    },
    {
      "type": "bitmap",
      "file": "iyc:font/high_res/chainmail_boots.png",
      "ascent": 7,
      "height": 16,
      "chars": [
        "\u8345"
      ]
    },
    {
      "type": "bitmap",
      "file": "iyc:font/wiki_icons/minecraft_chainmail_boots.png",
      "ascent": 8,
      "height": 16,
      "chars": [
        "\u8347"
      ]
    },
    {
      "type": "bitmap",
      "file": "iyc:font/high_res/emerald.png",
      "ascent": 7,
      "height": 16,
      "chars": [
        "\u845d"
      ]
    },
    {
      "type": "bitmap",
      "file": "iyc:font/high_res/arrow.png",
      "ascent": 7,
      "height": 16,
      "chars": [
        "\u848c"
      ]
    },
    {
      "type": "bitmap",
      "file": "iyc:font/high_res/elytra.png",
      "ascent": 7,
      "height": 16,
      "chars": [
        "\u8492"
      ]
    },
    {
      "type": "bitmap",
      "file": "iyc:font/high_res/obsidian.png",
      "ascent": 7,
      "height": 16,
      "chars": [
        "\u84a3"
      ]
    },
    {
      "type": "bitmap",
      "file": "iyc:font/wiki_icons/iyc_obsidian_ingot.png",
      "ascent": 8,
      "height": 16,
      "chars": [
        "\u84a8"
      ]
    },
    {
      "type": "bitmap",
      "file": "iyc:font/page/coin.png",
      "ascent": 0,
      "height": 40,
      "chars": [
        "\u1096"
      ]
    },
    {
      "type": "bitmap",
      "file": "iyc:font/page/quiver.png",
      "ascent": 0,
      "height": 40,
      "chars": [
        "\u1098"
      ]
    },
    {
      "type": "bitmap",
      "file": "iyc:font/page/rock.png",
      "ascent": 0,
      "height": 40,
      "chars": [
        "\u1099"
      ]
    },
    {
      "type": "bitmap",
      "file": "iyc:font/page/screwdriver.png",
      "ascent": 0,
      "height": 40,
      "chars": [
        "\u109a"
      ]
    },
    {
      "type": "bitmap",
      "file": "iyc:font/high_res/furnace.png",
      "ascent": 7,
      "height": 16,
      "chars": [
        "\u84bb"
      ]
    },
    {
      "type": "bitmap",
      "file": "iyc:font/high_res/blue_block_ctf_8.png",
      "ascent": 7,
      "height": 16,
      "chars": [
        "\u84cb"
      ]
    },
    {
      "type": "bitmap",
      "file": "iyc:font/high_res/blue_wool.png",
      "ascent": 7,
      "height": 16,
      "chars": [
        "\u84cc"
      ]
    },
    {
      "type": "bitmap",
      "file": "iyc:font/high_res/clear_glass_4.png",
      "ascent": 7,
      "height": 16,
      "chars": [
        "\u84d1"
      ]
    },
    {
      "type": "bitmap",
      "file": "iyc:font/page/cloud.png",
      "ascent": 0,
      "height": 40,
      "chars": [
        "\u10a0"
      ]
    },
    {
      "type": "bitmap",
      "file": "iyc:font/page/flatware.png",
      "ascent": 0,
      "height": 40,
      "chars": [
        "\u10a1"
      ]
    },
    {
      "type": "bitmap",
      "file": "iyc:font/high_res/iron_ladder_4.png",
      "ascent": 7,
      "height": 16,
      "chars": [
        "\u84d7"
      ]
    },
    {
      "type": "bitmap",
      "file": "iyc:font/high_res/glowstone.png",
      "ascent": 7,
      "height": 16,
      "chars": [
        "\u84dc"
      ]
    },
    {
      "type": "bitmap",
      "file": "iyc:font/high_res/birch_wood.png",
      "ascent": 7,
      "height": 16,
      "chars": [
        "\u84dd"
      ]
    },
    {
      "type": "bitmap",
      "file": "iyc:font/high_res/jungle_wood.png",
      "ascent": 7,
      "height": 16,
      "chars": [
        "\u84e3"
      ]
    },
    {
      "type": "bitmap",
      "file": "iyc:font/high_res/oak_wood.png",
      "ascent": 7,
      "height": 16,
      "chars": [
        "\u84e9"
      ]
    },
    {
      "type": "bitmap",
      "file": "iyc:font/high_res/spruce_wood.png",
      "ascent": 7,
      "height": 16,
      "chars": [
        "\u84ef"
      ]
    },
    {
      "type": "bitmap",
      "file": "iyc:font/high_res/iron_block.png",
      "ascent": 7,
      "height": 16,
      "chars": [
        "\u84f5"
      ]
    },
    {
      "type": "bitmap",
      "file": "iyc:font/high_res/redstone_lamp.png",
      "ascent": 7,
      "height": 16,
      "chars": [
        "\u84fa"
      ]
    },
    {
      "type": "bitmap",
      "file": "iyc:font/high_res/red_wool.png",
      "ascent": 7,
      "height": 16,
      "chars": [
        "\u84fb"
      ]
    },
    {
      "type": "bitmap",
      "file": "iyc:font/high_res/reversed_oak_planks_4.png",
      "ascent": 7,
      "height": 16,
      "chars": [
        "\u84ff"
      ]
    },
    {
      "type": "bitmap",
      "file": "iyc:font/page/black_flower.png",
      "ascent": 0,
      "height": 40,
      "chars": [
        "\u10aa"
      ]
    },
    {
      "type": "bitmap",
      "file": "iyc:font/page/blue_flower.png",
      "ascent": 0,
      "height": 40,
      "chars": [
        "\u10ab"
      ]
    },
    {
      "type": "bitmap",
      "file": "iyc:font/page/white_flower.png",
      "ascent": 0,
      "height": 40,
      "chars": [
        "\u10ac"
      ]
    },
    {
      "type": "bitmap",
      "file": "iyc:font/high_res/toast_4.png",
      "ascent": 7,
      "height": 16,
      "chars": [
        "\u8506"
      ]
    },
    {
      "type": "bitmap",
      "file": "iyc:font/high_res/bread.png",
      "ascent": 7,
      "height": 16,
      "chars": [
        "\u8507"
      ]
    },
    {
      "type": "bitmap",
      "file": "iyc:font/high_res/nutella_toast_4.png",
      "ascent": 7,
      "height": 16,
      "chars": [
        "\u850a"
      ]
    },
    {
      "type": "bitmap",
      "file": "iyc:font/wiki_icons/iyc_nutella_toast.png",
      "ascent": 8,
      "height": 16,
      "chars": [
        "\u850d"
      ]
    },
    {
      "type": "bitmap",
      "file": "iyc:font/high_res/cake.png",
      "ascent": 7,
      "height": 16,
      "chars": [
        "\u851c"
      ]
    },
    {
      "type": "bitmap",
      "file": "iyc:font/wiki_icons/iyc_cherry_cake.png",
      "ascent": 8,
      "height": 16,
      "chars": [
        "\u8520"
      ]
    },
    {
      "type": "bitmap",
      "file": "iyc:font/high_res/bowl.png",
      "ascent": 7,
      "height": 16,
      "chars": [
        "\u8533"
      ]
    },
    {
      "type": "bitmap",
      "file": "iyc:font/wiki_icons/iyc_nutella_toast.png",
      "ascent": 8,
      "height": 16,
      "chars": [
        "\u8546"
      ]
    },
    {
      "type": "bitmap",
      "file": "iyc:font/high_res/heavy_workbench.png",
      "ascent": 7,
      "height": 16,
      "chars": [
        "\u8557"
      ]
    },
    {
      "type": "bitmap",
      "file": "iyc:font/high_res/oak_log.png",
      "ascent": 7,
      "height": 16,
      "chars": [
        "\u8558"
      ]
    },
    {
      "type": "bitmap",
      "file": "iyc:font/high_res/crafting_table.png",
      "ascent": 7,
      "height": 16,
      "chars": [
        "\u8559"
      ]
    },
    {
      "type": "bitmap",
      "file": "iyc:font/high_res/smooth_stone.png",
      "ascent": 7,
      "height": 16,
      "chars": [
        "\u855a"
      ]
    },
    {
      "type": "bitmap",
      "file": "iyc:font/category/categories_page.png",
      "ascent": 0,
      "height": 130,
      "chars": [
        "\u1021"
      ]
    },
    {
      "type": "bitmap",
      "file": "iyc:font/page/_logo.png",
      "ascent": 0,
      "height": 40,
      "chars": [
        "\u1020"
      ]
    },
    {
      "type": "bitmap",
      "file": "iyc:font/none.png",
      "ascent": 8,
      "height": 20,
      "chars": [
        " "
      ]
    },
    {
      "type": "bitmap",
      "file": "iyc:font/none.png",
      "ascent": 8,
      "height": 18,
      "chars": [
        "!"
      ]
    },
    {
      "type": "bitmap",
      "file": "iyc:font/none.png",
      "ascent": 7,
      "height": 7,
      "chars": [
        "\""
      ]
    },
    {
      "type": "bitmap",
      "file": "iyc:font/none.png",
      "ascent": 0,
      "height": 2,
      "chars": [
        "#"
      ]
    },
    {
      "type": "bitmap",
      "file": "iyc:font/none.png",
      "ascent": 0,
      "height": 1,
      "chars": [
        "$"
      ]
    },
    {
      "type": "bitmap",
      "file": "iyc:font/none.png",
      "ascent": 7,
      "height": 16,
      "chars": [
        "%"
      ]
    },
    {
      "type": "bitmap",
      "file": "iyc:font/invisible_item.png",
      "ascent": 7,
      "height": 16,
      "chars": [
        "/"
      ]
    },
    {
      "type": "bitmap",
      "file": "iyc:font/wiki_information.png",
      "ascent": 8,
      "height": 16,
      "chars": [
        "&"
      ]
    },
    {
      "type": "bitmap",
      "file": "iyc:font/wiki_result_of_craft.png",
      "ascent": 8,
      "height": 16,
      "chars": [
        "'"
      ]
    },
    {
      "type": "bitmap",
      "file": "iyc:font/wiki_ingredient_of_craft.png",
      "ascent": 8,
      "height": 16,
      "chars": [
        "("
      ]
    },
    {
      "type": "bitmap",
      "file": "iyc:font/shaped_3x3.png",
      "ascent": 1,
      "height": 58,
      "chars": [
        "*"
      ]
    },
    {
      "type": "bitmap",
      "file": "iyc:font/shaped_2x2.png",
      "ascent": 1,
      "height": 58,
      "chars": [
        ")"
      ]
    },
    {
      "type": "bitmap",
      "file": "iyc:font/furnace.png",
      "ascent": 1,
      "height": 58,
      "chars": [
        "+"
      ]
    },
    {
      "type": "bitmap",
      "file": "iyc:font/shaped_3x3.png",
      "ascent": -4,
      "height": 58,
      "chars": [
        "-"
      ]
    },
    {
      "type": "bitmap",
      "file": "iyc:font/shaped_2x2.png",
      "ascent": -2,
      "height": 58,
      "chars": [
        ","
      ]
    },
    {
      "type": "bitmap",
      "file": "iyc:font/furnace.png",
      "ascent": -3,
      "height": 58,
      "chars": [
        "."
      ]
    }
  ]
}
