{
	"parent": "block/deepslate",
	"overrides": [
		{ "predicate": { "custom_model_data": 2010000}, "model": "minecraft:item/none" },
		{ "predicate": { "custom_model_data": 2015000}, "model": "iyc:block/for_item_display/adamantium_block" },
		{ "predicate": { "custom_model_data": 2015001}, "model": "iyc:block/for_item_display/adamantium_ore" },
		{ "predicate": { "custom_model_data": 2015012}, "model": "iyc:block/for_item_display/sapphire_block" },
		{ "predicate": { "custom_model_data": 2015013}, "model": "iyc:block/for_item_display/sapphire_ore" },
		{ "predicate": { "custom_model_data": 2015024}, "model": "iyc:block/for_item_display/ruby_block" },
		{ "predicate": { "custom_model_data": 2015025}, "model": "iyc:block/for_item_display/ruby_ore" },
		{ "predicate": { "custom_model_data": 2015036}, "model": "iyc:block/for_item_display/topaz_block" },
		{ "predicate": { "custom_model_data": 2015037}, "model": "iyc:block/for_item_display/topaz_ore" },
		{ "predicate": { "custom_model_data": 2015067}, "model": "iyc:block/for_item_display/steel_block" },
		{ "predicate": { "custom_model_data": 2015068}, "model": "iyc:block/for_item_display/steel_ore" },
		{ "predicate": { "custom_model_data": 2015080}, "model": "iyc:block/for_item_display/lignite_block" },
		{ "predicate": { "custom_model_data": 2015081}, "model": "iyc:block/for_item_display/lignite_ore" },
		{ "predicate": { "custom_model_data": 2015083}, "model": "iyc:block/for_item_display/slate_block" },
		{ "predicate": { "custom_model_data": 2015084}, "model": "iyc:block/for_item_display/slate_ore" },
		{ "predicate": { "custom_model_data": 2015086}, "model": "iyc:block/for_item_display/massive_obsidian_block" },
		{ "predicate": { "custom_model_data": 2015087}, "model": "iyc:block/for_item_display/iron_furnace" },
		{ "predicate": { "custom_model_data": 2015089}, "model": "iyc:block/for_item_display/box_jump" },
		{ "predicate": { "custom_model_data": 2015090}, "model": "iyc:block/for_item_display/box_speed" },
		{ "predicate": { "custom_model_data": 2015091}, "model": "iyc:block/for_item_display/blue_block_ctf" },
		{ "predicate": { "custom_model_data": 2015093}, "model": "iyc:block/for_item_display/clear_glass" },
		{ "predicate": { "custom_model_data": 2015094}, "model": "iyc:block/for_item_display/cloud" },
		{ "predicate": { "custom_model_data": 2015095}, "model": "iyc:block/for_item_display/flatware" },
		{ "predicate": { "custom_model_data": 2015097}, "model": "iyc:block/for_item_display/hops_seeds" },
		{ "predicate": { "custom_model_data": 2015098}, "model": "iyc:block/for_item_display/iron_ladder" },
		{ "predicate": { "custom_model_data": 2015100}, "model": "iyc:block/for_item_display/birch_wood_lantern" },
		{ "predicate": { "custom_model_data": 2015101}, "model": "iyc:block/for_item_display/jungle_wood_lantern" },
		{ "predicate": { "custom_model_data": 2015102}, "model": "iyc:block/for_item_display/oak_wood_lantern" },
		{ "predicate": { "custom_model_data": 2015103}, "model": "iyc:block/for_item_display/spruce_wood_lantern" },
		{ "predicate": { "custom_model_data": 2015104}, "model": "iyc:block/for_item_display/iron_lantern" },
		{ "predicate": { "custom_model_data": 2015105}, "model": "iyc:block/for_item_display/red_light" },
		{ "predicate": { "custom_model_data": 2015107}, "model": "iyc:block/for_item_display/reversed_oak_planks" },
		{ "predicate": { "custom_model_data": 2015109}, "model": "iyc:block/for_item_display/black_flower" },
		{ "predicate": { "custom_model_data": 2015110}, "model": "iyc:block/for_item_display/blue_flower" },
		{ "predicate": { "custom_model_data": 2015111}, "model": "iyc:block/for_item_display/white_flower" },
		{ "predicate": { "custom_model_data": 2015124}, "model": "iyc:block/for_item_display/cherry_cake" },
		{ "predicate": { "custom_model_data": 2015132}, "model": "iyc:block/for_item_display/blob" },
		{ "predicate": { "custom_model_data": 2015133}, "model": "iyc:block/for_item_display/lignite_torch" },
		{ "predicate": { "custom_model_data": 2015135}, "model": "iyc:block/for_item_display/nuclear_bomb" }
	]
}

