{
	"parent": "item/handheld",
	"textures": {
		"layer0": "item/diamond_axe"
	},
	"overrides": [
		{ "predicate": { "custom_model_data": 2015021}, "model": "iyc:item/sapphire_axe" },
		{ "predicate": { "custom_model_data": 2015033}, "model": "iyc:item/ruby_axe" },
		{ "predicate": { "custom_model_data": 2015045}, "model": "iyc:item/topaz_axe" },
		{ "predicate": { "custom_model_data": 2015055}, "model": "iyc:item/obsidian_axe" },
		{ "predicate": { "custom_model_data": 2015064}, "model": "iyc:item/emerald_axe" }
	]
}

