{
	"parent": "item/handheld",
	"textures": {
		"layer0": "item/diamond_sword"
	},
	"overrides": [
		{ "predicate": { "custom_model_data": 2015021}, "model": "iyc:item/sapphire_sword" },
		{ "predicate": { "custom_model_data": 2015034}, "model": "iyc:item/ruby_sword" },
		{ "predicate": { "custom_model_data": 2015047}, "model": "iyc:item/topaz_sword" },
		{ "predicate": { "custom_model_data": 2015057}, "model": "iyc:item/obsidian_sword" },
		{ "predicate": { "custom_model_data": 2015066}, "model": "iyc:item/emerald_sword" }
	]
}
