{
	"parent": "item/handheld",
	"textures": {
		"layer0": "item/leather_chestplate",
		"layer1": "item/leather_chestplate_overlay"
	},
	"overrides": [
		{ "predicate": { "custom_model_data": 2015004}, "model": "iyc:item/adamantium_chestplate" },
		{ "predicate": { "custom_model_data": 2015016}, "model": "iyc:item/sapphire_chestplate" },
		{ "predicate": { "custom_model_data": 2015028}, "model": "iyc:item/ruby_chestplate" },
		{ "predicate": { "custom_model_data": 2015040}, "model": "iyc:item/topaz_chestplate" },
		{ "predicate": { "custom_model_data": 2015051}, "model": "iyc:item/obsidian_chestplate" },
		{ "predicate": { "custom_model_data": 2015060}, "model": "iyc:item/emerald_chestplate" },
		{ "predicate": { "custom_model_data": 2015072}, "model": "iyc:item/steel_chestplate" }
	]
}

