{
	"parent": "item/generated",
	"textures": {
		"layer0": "item/leather_chestplate",
		"layer1": "item/leather_chestplate_overlay"
	},
	"overrides": [
		{ "predicate": { "custom_model_data": 2015005}, "model": "iyc:item/adamantium_chestplate" },
		{ "predicate": { "custom_model_data": 2015018}, "model": "iyc:item/sapphire_chestplate" },
		{ "predicate": { "custom_model_data": 2015031}, "model": "iyc:item/ruby_chestplate" },
		{ "predicate": { "custom_model_data": 2015044}, "model": "iyc:item/topaz_chestplate" },
		{ "predicate": { "custom_model_data": 2015054}, "model": "iyc:item/obsidian_chestplate" },
		{ "predicate": { "custom_model_data": 2015063}, "model": "iyc:item/emerald_chestplate" },
		{ "predicate": { "custom_model_data": 2015076}, "model": "iyc:item/steel_chestplate" }
	]
}
