{
	"parent":"block/cube_all",
	"textures":{
		"down":"iyc:block/iron_furnace_top",
		"up":"iyc:block/iron_furnace_top",
		"north":"iyc:block/iron_furnace_front_on",
		"south":"iyc:block/iron_furnace_side",
		"west":"iyc:block/iron_furnace_side",
		"east":"iyc:block/iron_furnace_side"
	},
	"elements":[
		{
			"from":[
				0,
				0,
				0
			],
			"to":[
				16,
				16,
				16
			],
			"faces":{
				"down":{"texture":"#down","cullface":"down"},
				"up":{"texture":"#up","cullface":"up"},
				"north":{"texture":"#north","cullface":"north"},
				"south":{"texture":"#south","cullface":"south"},
				"west":{"texture":"#west","cullface":"west"},
				"east":{"texture":"#east","cullface":"east"}
			}
		}
	]
}

